TAP version 13
# Subtest: formatDispatchPrompt includes the exact control Issue, execution Issue, and route
ok 1 - formatDispatchPrompt includes the exact control Issue, execution Issue, and route
  ---
  duration_ms: 1.2125
  ...
# Subtest: formatDispatchPrompt stays well under the reference-only threshold for a realistic route
ok 2 - formatDispatchPrompt stays well under the reference-only threshold for a realistic route
  ---
  duration_ms: 0.1698
  ...
# Subtest: formatDispatchPrompt includes the PR-open stop clause
ok 3 - formatDispatchPrompt includes the PR-open stop clause
  ---
  duration_ms: 0.2067
  ...
# Subtest: formatDispatchPrompt's stop clause covers the recorded Stage 1 exemption branch, not just a review-requested PR
ok 4 - formatDispatchPrompt's stop clause covers the recorded Stage 1 exemption branch, not just a review-requested PR
  ---
  duration_ms: 0.1369
  ...
# Subtest: formatDispatchPrompt never contains restated AGENTS.md contract prose
ok 5 - formatDispatchPrompt never contains restated AGENTS.md contract prose
  ---
  duration_ms: 0.2079
  ...
# Subtest: formatDispatchPrompt throws when a required field is missing
ok 6 - formatDispatchPrompt throws when a required field is missing
  ---
  duration_ms: 0.2672
  ...
# Subtest: formatDispatchPrompt rejects non-integer, negative, or NaN issue numbers
ok 7 - formatDispatchPrompt rejects non-integer, negative, or NaN issue numbers
  ---
  duration_ms: 0.2092
  ...
# Subtest: formatDispatchPrompt is deterministic for the same input
ok 8 - formatDispatchPrompt is deterministic for the same input
  ---
  duration_ms: 0.1477
  ...
# Subtest: assertReferenceOnly passes through text at or under the threshold
ok 9 - assertReferenceOnly passes through text at or under the threshold
  ---
  duration_ms: 0.6727
  ...
# Subtest: assertReferenceOnly throws for text over the threshold
ok 10 - assertReferenceOnly throws for text over the threshold
  ---
  duration_ms: 0.4119
  ...
# Subtest: assertReferenceOnly catches an oversized route value even though the template itself is fixed
ok 11 - assertReferenceOnly catches an oversized route value even though the template itself is fixed
  ---
  duration_ms: 0.1628
  ...
# Subtest: CLI: piped JSON missing 'state' is refused, not silently treated as ready
ok 12 - CLI: piped JSON missing 'state' is refused, not silently treated as ready
  ---
  duration_ms: 1113.7895
  ...
# Subtest: CLI: piped JSON with a non-ready state is still refused
ok 13 - CLI: piped JSON with a non-ready state is still refused
  ---
  duration_ms: 1672.6935
  ...
# Subtest: CLI: a malformed explicit --control-issue value fails closed
ok 14 - CLI: a malformed explicit --control-issue value fails closed
  ---
  duration_ms: 1672.9453
  ...
# Subtest: formatPlanningWorkerDispatchPrompt includes the exact control Issue and execution Issue references and no route
ok 15 - formatPlanningWorkerDispatchPrompt includes the exact control Issue and execution Issue references and no route
  ---
  duration_ms: 0.5085
  ...
# Subtest: formatPlanningWorkerDispatchPrompt stays well under the reference-only threshold
ok 16 - formatPlanningWorkerDispatchPrompt stays well under the reference-only threshold
  ---
  duration_ms: 0.1952
  ...
# Subtest: formatPlanningWorkerDispatchPrompt throws for missing/invalid required fields
ok 17 - formatPlanningWorkerDispatchPrompt throws for missing/invalid required fields
  ---
  duration_ms: 0.2049
  ...
# Subtest: formatPlanningWorkerDispatchPrompt never contains restated AGENTS.md contract prose
ok 18 - formatPlanningWorkerDispatchPrompt never contains restated AGENTS.md contract prose
  ---
  duration_ms: 0.2631
  ...
# Subtest: formatIntegrationWorkerDispatchPrompt includes the exact control Issue and execution Issue references and no route
ok 19 - formatIntegrationWorkerDispatchPrompt includes the exact control Issue and execution Issue references and no route
  ---
  duration_ms: 0.2017
  ...
# Subtest: formatIntegrationWorkerDispatchPrompt stays well under the reference-only threshold
ok 20 - formatIntegrationWorkerDispatchPrompt stays well under the reference-only threshold
  ---
  duration_ms: 0.1682
  ...
# Subtest: formatIntegrationWorkerDispatchPrompt includes the PR-open stop clause
ok 21 - formatIntegrationWorkerDispatchPrompt includes the PR-open stop clause
  ---
  duration_ms: 0.1483
  ...
# Subtest: formatIntegrationWorkerDispatchPrompt throws for missing/invalid required fields
ok 22 - formatIntegrationWorkerDispatchPrompt throws for missing/invalid required fields
  ---
  duration_ms: 0.1442
  ...
# Subtest: CLI: piped READY_TO_DISPATCH_PLANNING selects the planning template
ok 23 - CLI: piped READY_TO_DISPATCH_PLANNING selects the planning template
  ---
  duration_ms: 1671.1027
  ...
# Subtest: CLI: piped READY_TO_DISPATCH_INTEGRATION selects the integration template
ok 24 - CLI: piped READY_TO_DISPATCH_INTEGRATION selects the integration template
  ---
  duration_ms: 1676.969
  ...
# Subtest: CLI: piped READY_TO_DISPATCH still selects the original implementation template
ok 25 - CLI: piped READY_TO_DISPATCH still selects the original implementation template
  ---
  duration_ms: 1104.6882
  ...
# Subtest: CLI: an unrecognized state is still refused, error message names every recognized state
ok 26 - CLI: an unrecognized state is still refused, error message names every recognized state
  ---
  duration_ms: 1124.43
  ...
# Subtest: CLI: explicit --kind planning selects the planning template without --route
ok 27 - CLI: explicit --kind planning selects the planning template without --route
  ---
  duration_ms: 1111.4665
  ...
# Subtest: CLI: explicit --kind integration selects the integration template without --route
ok 28 - CLI: explicit --kind integration selects the integration template without --route
  ---
  duration_ms: 1144.6366
  ...
# Subtest: CLI: an unknown --kind fails closed with exit 2
ok 29 - CLI: an unknown --kind fails closed with exit 2
  ---
  duration_ms: 1133.5924
  ...
# Subtest: formatUnitDispatchPrompt includes the exact unit comment URL, execution Issue, and shared contract URL
ok 30 - formatUnitDispatchPrompt includes the exact unit comment URL, execution Issue, and shared contract URL
  ---
  duration_ms: 1.3118
  ...
# Subtest: formatUnitDispatchPrompt stays well under the reference-only threshold
ok 31 - formatUnitDispatchPrompt stays well under the reference-only threshold
  ---
  duration_ms: 0.1646
  ...
# Subtest: formatUnitDispatchPrompt never restates the unit's own fields
ok 32 - formatUnitDispatchPrompt never restates the unit's own fields
  ---
  duration_ms: 0.1402
  ...
# Subtest: formatUnitDispatchPrompt is deterministic for the same input
ok 33 - formatUnitDispatchPrompt is deterministic for the same input
  ---
  duration_ms: 0.1241
  ...
# Subtest: formatUnitDispatchPrompt throws when a field is missing or malformed
ok 34 - formatUnitDispatchPrompt throws when a field is missing or malformed
  ---
  duration_ms: 0.2693
  ...
# Subtest: formatUnitDispatchPrompt rejects non-integer, negative, zero, or NaN issue numbers
ok 35 - formatUnitDispatchPrompt rejects non-integer, negative, zero, or NaN issue numbers
  ---
  duration_ms: 0.1966
  ...
# Subtest: formatUnitDispatchPrompt rejects a URL that isn't a GitHub issue-comment permalink
ok 36 - formatUnitDispatchPrompt rejects a URL that isn't a GitHub issue-comment permalink
  ---
  duration_ms: 0.1509
  ...
# Subtest: CLI: explicit fields render a reference-only prompt on stdout
ok 37 - CLI: explicit fields render a reference-only prompt on stdout
  ---
  duration_ms: 1680.7428
  ...
# Subtest: CLI: no arguments at all fails closed with guidance
ok 38 - CLI: no arguments at all fails closed with guidance
  ---
  duration_ms: 1666.8694
  ...
# Subtest: CLI: a malformed explicit --parent-execution-issue value fails closed
ok 39 - CLI: a malformed explicit --parent-execution-issue value fails closed
  ---
  duration_ms: 1667.3932
  ...
# Subtest: parseOptionalIssueRef: 'none' sentinel, a settled \#N reference, missing, and malformed
ok 40 - parseOptionalIssueRef: 'none' sentinel, a settled \#N reference, missing, and malformed
  ---
  duration_ms: 1.9169
  ...
# Subtest: resolvePreMergeVerdict: NOT_REQUESTED -> NO_ACTION_YET
ok 41 - resolvePreMergeVerdict: NOT_REQUESTED -> NO_ACTION_YET
  ---
  duration_ms: 0.3611
  ...
# Subtest: resolvePreMergeVerdict: PENDING -> NO_ACTION_YET regardless of merge-ready state
ok 42 - resolvePreMergeVerdict: PENDING -> NO_ACTION_YET regardless of merge-ready state
  ---
  duration_ms: 0.1496
  ...
# Subtest: resolvePreMergeVerdict: PENDING with findings-bearing unbound genuine matches -> AMBIGUOUS
ok 43 - resolvePreMergeVerdict: PENDING with findings-bearing unbound genuine matches -> AMBIGUOUS
  ---
  duration_ms: 0.1955
  ...
# Subtest: resolvePreMergeVerdict: RESPONSE_RECEIVED + MERGE_READY -> STAGE1_SATISFIED_MERGE_AND_TRIGGER_STAGE2
ok 44 - resolvePreMergeVerdict: RESPONSE_RECEIVED + MERGE_READY -> STAGE1_SATISFIED_MERGE_AND_TRIGGER_STAGE2
  ---
  duration_ms: 0.2824
  ...
# Subtest: resolvePreMergeVerdict: EXEMPT + MERGE_READY_NO_WORK_ISSUE -> STAGE1_SATISFIED_MERGE_AND_TRIGGER_STAGE2
ok 45 - resolvePreMergeVerdict: EXEMPT + MERGE_READY_NO_WORK_ISSUE -> STAGE1_SATISFIED_MERGE_AND_TRIGGER_STAGE2
  ---
  duration_ms: 0.1213
  ...
# Subtest: resolvePreMergeVerdict: RESPONSE_RECEIVED + BLOCKED_CLOSING_REFERENCE -> STAGE1_CORRECTION_REQUIRED
ok 46 - resolvePreMergeVerdict: RESPONSE_RECEIVED + BLOCKED_CLOSING_REFERENCE -> STAGE1_CORRECTION_REQUIRED
  ---
  duration_ms: 0.1634
  ...
# Subtest: resolvePreMergeVerdict: EXEMPT + BLOCKED_CLOSING_REFERENCE -> STAGE1_CORRECTION_REQUIRED
ok 47 - resolvePreMergeVerdict: EXEMPT + BLOCKED_CLOSING_REFERENCE -> STAGE1_CORRECTION_REQUIRED
  ---
  duration_ms: 0.1284
  ...
# Subtest: resolvePreMergeVerdict: findings-bearing RESPONSE_RECEIVED -> STAGE1_CORRECTION_REQUIRED even when merge-ready is otherwise ready
ok 48 - resolvePreMergeVerdict: findings-bearing RESPONSE_RECEIVED -> STAGE1_CORRECTION_REQUIRED even when merge-ready is otherwise ready
  ---
  duration_ms: 0.2577
  ...
# Subtest: resolvePreMergeVerdict: findings-bearing RESPONSE_RECEIVED whose body_excerpt begins with a leading newline (PR \#435's own live regression shape) still resolves to STAGE1_CORRECTION_REQUIRED, never NO_ACTION_YET
ok 49 - resolvePreMergeVerdict: findings-bearing RESPONSE_RECEIVED whose body_excerpt begins with a leading newline (PR \#435's own live regression shape) still resolves to STAGE1_CORRECTION_REQUIRED, never NO_ACTION_YET
  ---
  duration_ms: 0.2961
  ...
# Subtest: resolvePreMergeVerdict: findings-bearing RESPONSE_RECEIVED + Stage 1 disposition satisfied at this head + MERGE_READY -> STAGE1_SATISFIED_MERGE_AND_TRIGGER_STAGE2
ok 50 - resolvePreMergeVerdict: findings-bearing RESPONSE_RECEIVED + Stage 1 disposition satisfied at this head + MERGE_READY -> STAGE1_SATISFIED_MERGE_AND_TRIGGER_STAGE2
  ---
  duration_ms: 0.2451
  ...
# Subtest: resolvePreMergeVerdict: negative Stage 1 disposition text does not satisfy merge even when it names the current head
ok 51 - resolvePreMergeVerdict: negative Stage 1 disposition text does not satisfy merge even when it names the current head
  ---
  duration_ms: 0.1828
  ...
# Subtest: resolvePreMergeVerdict: an affirmative Stage 1 disposition without an exact-head sha does not satisfy merge
ok 52 - resolvePreMergeVerdict: an affirmative Stage 1 disposition without an exact-head sha does not satisfy merge
  ---
  duration_ms: 0.1381
  ...
# Subtest: resolvePreMergeVerdict: NOT_REQUESTED + stale/non-head-scoped Stage 1 disposition still stays NO_ACTION_YET
ok 53 - resolvePreMergeVerdict: NOT_REQUESTED + stale/non-head-scoped Stage 1 disposition still stays NO_ACTION_YET
  ---
  duration_ms: 0.26
  ...
# Subtest: resolvePreMergeVerdict: NOT_REQUESTED + CORRECTION_SATISFIED + MERGE_READY -> STAGE1_CORRECTION_SATISFIED_MERGE_AND_TRIGGER_STAGE2, carrying reviewedHead/correctedHead
ok 54 - resolvePreMergeVerdict: NOT_REQUESTED + CORRECTION_SATISFIED + MERGE_READY -> STAGE1_CORRECTION_SATISFIED_MERGE_AND_TRIGGER_STAGE2, carrying reviewedHead/correctedHead
  ---
  duration_ms: 0.4054
  ...
# Subtest: resolvePreMergeVerdict: NOT_REQUESTED + CORRECTION_SATISFIED + MERGE_READY_NO_WORK_ISSUE -> STAGE1_CORRECTION_SATISFIED_MERGE_AND_TRIGGER_STAGE2
ok 55 - resolvePreMergeVerdict: NOT_REQUESTED + CORRECTION_SATISFIED + MERGE_READY_NO_WORK_ISSUE -> STAGE1_CORRECTION_SATISFIED_MERGE_AND_TRIGGER_STAGE2
  ---
  duration_ms: 0.1891
  ...
# Subtest: resolvePreMergeVerdict: NOT_REQUESTED + CORRECTION_SATISFIED + BLOCKED_CLOSING_REFERENCE -> STAGE1_CORRECTION_REQUIRED
ok 56 - resolvePreMergeVerdict: NOT_REQUESTED + CORRECTION_SATISFIED + BLOCKED_CLOSING_REFERENCE -> STAGE1_CORRECTION_REQUIRED
  ---
  duration_ms: 0.1603
  ...
# Subtest: resolvePreMergeVerdict: NOT_REQUESTED + CORRECTION_SATISFIED + an unrecognized-but-exitCode-0 merge-ready state still resolves to STAGE1_CORRECTION_SATISFIED_MERGE_AND_TRIGGER_STAGE2 (P1 finding on PR \#459: authorization is derived from merge-ready-gate.mjs's own combineMergeReadyResult, which -- like the real lifecycle-gate.mjs merge-ready check it composes -- trusts exitCode as authoritative, never a state-string allowlist a real component's exitCode-0 output could fall outside of)
ok 57 - resolvePreMergeVerdict: NOT_REQUESTED + CORRECTION_SATISFIED + an unrecognized-but-exitCode-0 merge-ready state still resolves to STAGE1_CORRECTION_SATISFIED_MERGE_AND_TRIGGER_STAGE2 (P1 finding on PR \#459: authorization is derived from merge-ready-gate.mjs's own combineMergeReadyResult, which -- like the real lifecycle-gate.mjs merge-ready check it composes -- trusts exitCode as authoritative, never a state-string allowlist a real component's exitCode-0 output could fall outside of)
  ---
  duration_ms: 0.2743
  ...
# Subtest: resolvePreMergeVerdict: NOT_REQUESTED + CORRECTION_SATISFIED + an operational-error mergeReady result falls through to the bottom-of-function AMBIGUOUS, never NO_ACTION_YET or a silent merge authorization
ok 58 - resolvePreMergeVerdict: NOT_REQUESTED + CORRECTION_SATISFIED + an operational-error mergeReady result falls through to the bottom-of-function AMBIGUOUS, never NO_ACTION_YET or a silent merge authorization
  ---
  duration_ms: 0.1581
  ...
# Subtest: resolvePreMergeVerdict: NOT_REQUESTED + NOT_SATISFIED -> AMBIGUOUS, carrying the underlying reason
ok 59 - resolvePreMergeVerdict: NOT_REQUESTED + NOT_SATISFIED -> AMBIGUOUS, carrying the underlying reason
  ---
  duration_ms: 0.19
  ...
# Subtest: resolvePreMergeVerdict: NOT_REQUESTED + HEAD_MISMATCH -> NO_ACTION_YET (unchanged from today's behavior with no disposition at all)
ok 60 - resolvePreMergeVerdict: NOT_REQUESTED + HEAD_MISMATCH -> NO_ACTION_YET (unchanged from today's behavior with no disposition at all)
  ---
  duration_ms: 0.3365
  ...
# Subtest: resolvePreMergeVerdict: NOT_REQUESTED + no correction-satisfied-shaped disposition present at all -> NO_ACTION_YET
ok 61 - resolvePreMergeVerdict: NOT_REQUESTED + no correction-satisfied-shaped disposition present at all -> NO_ACTION_YET
  ---
  duration_ms: 0.11
  ...
# Subtest: resolvePreMergeVerdict: NOT_REQUESTED + an operational error from checkCorrectionDelta -> AMBIGUOUS, never silently treated as a state
ok 62 - resolvePreMergeVerdict: NOT_REQUESTED + an operational error from checkCorrectionDelta -> AMBIGUOUS, never silently treated as a state
  ---
  duration_ms: 0.1099
  ...
# Subtest: resolvePreMergeVerdict: NOT_REQUESTED + malformed correctionDelta (no exitCode) fails closed to AMBIGUOUS
ok 63 - resolvePreMergeVerdict: NOT_REQUESTED + malformed correctionDelta (no exitCode) fails closed to AMBIGUOUS
  ---
  duration_ms: 0.108
  ...
# Subtest: resolvePreMergeVerdict: RESPONSE_RECEIVED without clean-pass or findings preamble (kickoff/ack shape) -> NO_ACTION_YET
ok 64 - resolvePreMergeVerdict: RESPONSE_RECEIVED without clean-pass or findings preamble (kickoff/ack shape) -> NO_ACTION_YET
  ---
  duration_ms: 0.115
  ...
# Subtest: resolvePreMergeVerdict: findings-bearing unbound genuine matches participate in correction routing
ok 65 - resolvePreMergeVerdict: findings-bearing unbound genuine matches participate in correction routing
  ---
  duration_ms: 0.1131
  ...
# Subtest: resolvePreMergeVerdict: an operational error from either composed check -> AMBIGUOUS, never silently treated as a state
ok 66 - resolvePreMergeVerdict: an operational error from either composed check -> AMBIGUOUS, never silently treated as a state
  ---
  duration_ms: 0.1289
  ...
# Subtest: resolvePreMergeVerdict: malformed component output (no exitCode) fails closed to AMBIGUOUS
ok 67 - resolvePreMergeVerdict: malformed component output (no exitCode) fails closed to AMBIGUOUS
  ---
  duration_ms: 0.0953
  ...
# Subtest: resolvePreMergeVerdict: an unrecognized state combination fails closed to AMBIGUOUS rather than guessing
ok 68 - resolvePreMergeVerdict: an unrecognized state combination fails closed to AMBIGUOUS rather than guessing
  ---
  duration_ms: 0.1038
  ...
# Subtest: resolvePreMergeVerdict: carries the given context through on every verdict
ok 69 - resolvePreMergeVerdict: carries the given context through on every verdict
  ---
  duration_ms: 0.1252
  ...
# Subtest: resolvePostMergeVerdict: READY_TO_CLOSE -> STAGE2_CLOSE_READY
ok 70 - resolvePostMergeVerdict: READY_TO_CLOSE -> STAGE2_CLOSE_READY
  ---
  duration_ms: 0.224
  ...
# Subtest: resolvePostMergeVerdict: ACCEPTED_NO_WORK_ISSUE -> STAGE2_CLOSE_READY
ok 71 - resolvePostMergeVerdict: ACCEPTED_NO_WORK_ISSUE -> STAGE2_CLOSE_READY
  ---
  duration_ms: 0.1689
  ...
# Subtest: resolvePostMergeVerdict: READY_TO_CLOSE with a real gated work issue carries a deterministic close-work-issue-then-close-audit nextCommand (Stage 1 review finding on PR \#435)
ok 72 - resolvePostMergeVerdict: READY_TO_CLOSE with a real gated work issue carries a deterministic close-work-issue-then-close-audit nextCommand (Stage 1 review finding on PR \#435)
  ---
  duration_ms: 0.1632
  ...
# Subtest: resolvePostMergeVerdict: ACCEPTED_NO_WORK_ISSUE carries only the audit-only close-audit nextCommand (no work issue exists to close)
ok 73 - resolvePostMergeVerdict: ACCEPTED_NO_WORK_ISSUE carries only the audit-only close-audit nextCommand (no work issue exists to close)
  ---
  duration_ms: 0.1334
  ...
# Subtest: resolvePostMergeVerdict: OK with rawVerdict NOT CLEAN -> STAGE2_CORRECTION_REQUIRED
ok 74 - resolvePostMergeVerdict: OK with rawVerdict NOT CLEAN -> STAGE2_CORRECTION_REQUIRED
  ---
  duration_ms: 0.1099
  ...
# Subtest: resolvePostMergeVerdict: OK with rawVerdict PENDING -> NO_ACTION_YET
ok 75 - resolvePostMergeVerdict: OK with rawVerdict PENDING -> NO_ACTION_YET
  ---
  duration_ms: 0.1017
  ...
# Subtest: resolvePostMergeVerdict: OK with rawVerdict null (no response yet) -> NO_ACTION_YET
ok 76 - resolvePostMergeVerdict: OK with rawVerdict null (no response yet) -> NO_ACTION_YET
  ---
  duration_ms: 0.102
  ...
# Subtest: resolvePostMergeVerdict: OK with rawVerdict CLEAN but not backed by a completed report (verdict nulled) -> NO_ACTION_YET, not STAGE2_CLOSE_READY
ok 77 - resolvePostMergeVerdict: OK with rawVerdict CLEAN but not backed by a completed report (verdict nulled) -> NO_ACTION_YET, not STAGE2_CLOSE_READY
  ---
  duration_ms: 0.1542
  ...
# Subtest: resolvePostMergeVerdict: OK with verdict CLEAN and workIssueState CLOSED (already-consumed CLEAN, work issue closed but audit issue still open) -> STAGE2_CLOSE_READY, audit-only nextCommand
ok 78 - resolvePostMergeVerdict: OK with verdict CLEAN and workIssueState CLOSED (already-consumed CLEAN, work issue closed but audit issue still open) -> STAGE2_CLOSE_READY, audit-only nextCommand
  ---
  duration_ms: 0.1073
  ...
# Subtest: resolvePostMergeVerdict: OK with verdict CLEAN but workIssueState still OPEN is not the already-consumed shape -> falls through to NO_ACTION_YET unchanged
ok 79 - resolvePostMergeVerdict: OK with verdict CLEAN but workIssueState still OPEN is not the already-consumed shape -> falls through to NO_ACTION_YET unchanged
  ---
  duration_ms: 0.0932
  ...
# Subtest: resolvePostMergeVerdict: REPORT_READY_TO_RECORD -> STAGE2_REPORT_READY_TO_RECORD, carrying the exact record-verdict nextCommand
ok 80 - resolvePostMergeVerdict: REPORT_READY_TO_RECORD -> STAGE2_REPORT_READY_TO_RECORD, carrying the exact record-verdict nextCommand
  ---
  duration_ms: 0.6215
  ...
# Subtest: resolvePostMergeVerdict: REPORT_READY_TO_RECORD with a NOT CLEAN-backed report also maps to STAGE2_REPORT_READY_TO_RECORD (promotion is verdict-agnostic; correction routing happens after a fresh gate re-run)
ok 81 - resolvePostMergeVerdict: REPORT_READY_TO_RECORD with a NOT CLEAN-backed report also maps to STAGE2_REPORT_READY_TO_RECORD (promotion is verdict-agnostic; correction routing happens after a fresh gate re-run)
  ---
  duration_ms: 0.1056
  ...
# Subtest: resolvePostMergeVerdict: RESPONSE_UNUSABLE -> STAGE2_RESPONSE_UNUSABLE, a distinct fail-closed stop, never ordinary NO_ACTION_YET and never generic AMBIGUOUS
ok 82 - resolvePostMergeVerdict: RESPONSE_UNUSABLE -> STAGE2_RESPONSE_UNUSABLE, a distinct fail-closed stop, never ordinary NO_ACTION_YET and never generic AMBIGUOUS
  ---
  duration_ms: 0.1072
  ...
# Subtest: resolvePostMergeVerdict: RESPONSE_UNUSABLE carries no nextCommand — it authorizes a bounded recovery/founder-interrupt stop, never an automatic mutation
ok 83 - resolvePostMergeVerdict: RESPONSE_UNUSABLE carries no nextCommand — it authorizes a bounded recovery/founder-interrupt stop, never an automatic mutation
  ---
  duration_ms: 0.1009
  ...
# Subtest: resolvePostMergeVerdict: PREMATURE_CLOSURE -> AMBIGUOUS (a recoverable-but-abnormal state this read-only gate does not resolve on its own)
ok 84 - resolvePostMergeVerdict: PREMATURE_CLOSURE -> AMBIGUOUS (a recoverable-but-abnormal state this read-only gate does not resolve on its own)
  ---
  duration_ms: 0.1028
  ...
# Subtest: resolvePostMergeVerdict: an operational error -> AMBIGUOUS
ok 85 - resolvePostMergeVerdict: an operational error -> AMBIGUOUS
  ---
  duration_ms: 0.1055
  ...
# Subtest: resolvePostMergeVerdict: malformed component output (no exitCode) fails closed to AMBIGUOUS
ok 86 - resolvePostMergeVerdict: malformed component output (no exitCode) fails closed to AMBIGUOUS
  ---
  duration_ms: 0.1297
  ...
# Subtest: runNextReviewTransitionGate: direct --pr/--head/--issue mode resolves without any control-Issue read
ok 87 - runNextReviewTransitionGate: direct --pr/--head/--issue mode resolves without any control-Issue read
  ---
  duration_ms: 0.6644
  ...
# Subtest: runNextReviewTransitionGate: direct --pr/--head/--issue mode accepts --stage1-disposition and resolves a correction-satisfied head to STAGE1_CORRECTION_SATISFIED_MERGE_AND_TRIGGER_STAGE2 (Stage 1 review finding on PR \#459)
ok 88 - runNextReviewTransitionGate: direct --pr/--head/--issue mode accepts --stage1-disposition and resolves a correction-satisfied head to STAGE1_CORRECTION_SATISFIED_MERGE_AND_TRIGGER_STAGE2 (Stage 1 review finding on PR \#459)
  ---
  duration_ms: 0.3396
  ...
# Subtest: runNextReviewTransitionGate: direct --pr/--head/--issue mode without --stage1-disposition never invokes checkCorrectionDeltaImpl (unchanged default behavior)
ok 89 - runNextReviewTransitionGate: direct --pr/--head/--issue mode without --stage1-disposition never invokes checkCorrectionDeltaImpl (unchanged default behavior)
  ---
  duration_ms: 0.1734
  ...
# Subtest: runNextReviewTransitionGate: direct --pr without --head fails closed with exit 1
ok 90 - runNextReviewTransitionGate: direct --pr without --head fails closed with exit 1
  ---
  duration_ms: 0.1077
  ...
# Subtest: runNextReviewTransitionGate: direct --pr/--head without --issue fails closed with exit 1
ok 91 - runNextReviewTransitionGate: direct --pr/--head without --issue fails closed with exit 1
  ---
  duration_ms: 0.1594
  ...
# Subtest: runNextReviewTransitionGate: direct --audit-issue mode resolves without any control-Issue read
ok 92 - runNextReviewTransitionGate: direct --audit-issue mode resolves without any control-Issue read
  ---
  duration_ms: 0.2548
  ...
# Subtest: runNextReviewTransitionGate: direct --audit-issue mode resolves REPORT_READY_TO_RECORD to STAGE2_REPORT_READY_TO_RECORD, exit 0, with the exact record-verdict nextCommand (issue \#439)
ok 93 - runNextReviewTransitionGate: direct --audit-issue mode resolves REPORT_READY_TO_RECORD to STAGE2_REPORT_READY_TO_RECORD, exit 0, with the exact record-verdict nextCommand (issue \#439)
  ---
  duration_ms: 0.1493
  ...
# Subtest: runNextReviewTransitionGate: direct --audit-issue mode resolves RESPONSE_UNUSABLE to STAGE2_RESPONSE_UNUSABLE, exit 4, a distinct fail-closed stop (issue \#447)
ok 94 - runNextReviewTransitionGate: direct --audit-issue mode resolves RESPONSE_UNUSABLE to STAGE2_RESPONSE_UNUSABLE, exit 4, a distinct fail-closed stop (issue \#447)
  ---
  duration_ms: 0.1988
  ...
# Subtest: runNextReviewTransitionGate: --audit-issue takes precedence over --control-issue when both are given
ok 95 - runNextReviewTransitionGate: --audit-issue takes precedence over --control-issue when both are given
  ---
  duration_ms: 0.1403
  ...
# Subtest: runNextReviewTransitionGate: control-Issue mode with a settled PR (no Stage 2 yet) resolves the pre-merge phase, deriving head live
ok 96 - runNextReviewTransitionGate: control-Issue mode with a settled PR (no Stage 2 yet) resolves the pre-merge phase, deriving head live
  ---
  duration_ms: 0.7799
  ...
# Subtest: runNextReviewTransitionGate: Stage 1 satisfied text does not override NOT_REQUESTED at a different live head
ok 97 - runNextReviewTransitionGate: Stage 1 satisfied text does not override NOT_REQUESTED at a different live head
  ---
  duration_ms: 0.3757
  ...
# Subtest: runNextReviewTransitionGate: control-Issue mode with a correction-satisfied Stage 1 disposition and MERGE_READY resolves to STAGE1_CORRECTION_SATISFIED_MERGE_AND_TRIGGER_STAGE2, invoking checkCorrectionDeltaImpl with the parsed heads and the live gated head
ok 98 - runNextReviewTransitionGate: control-Issue mode with a correction-satisfied Stage 1 disposition and MERGE_READY resolves to STAGE1_CORRECTION_SATISFIED_MERGE_AND_TRIGGER_STAGE2, invoking checkCorrectionDeltaImpl with the parsed heads and the live gated head
  ---
  duration_ms: 0.3088
  ...
# Subtest: runNextReviewTransitionGate: control-Issue mode with a correction-satisfied disposition but BLOCKED_CLOSING_REFERENCE resolves to STAGE1_CORRECTION_REQUIRED
ok 99 - runNextReviewTransitionGate: control-Issue mode with a correction-satisfied disposition but BLOCKED_CLOSING_REFERENCE resolves to STAGE1_CORRECTION_REQUIRED
  ---
  duration_ms: 0.2564
  ...
# Subtest: runNextReviewTransitionGate: control-Issue mode with a correction-satisfied disposition whose evidence does not check out (NOT_SATISFIED) resolves to AMBIGUOUS
ok 100 - runNextReviewTransitionGate: control-Issue mode with a correction-satisfied disposition whose evidence does not check out (NOT_SATISFIED) resolves to AMBIGUOUS
  ---
  duration_ms: 0.3067
  ...
# Subtest: runNextReviewTransitionGate: control-Issue mode with a correction-satisfied disposition naming a different (stale) head than the live gated head resolves to NO_ACTION_YET (HEAD_MISMATCH)
ok 101 - runNextReviewTransitionGate: control-Issue mode with a correction-satisfied disposition naming a different (stale) head than the live gated head resolves to NO_ACTION_YET (HEAD_MISMATCH)
  ---
  duration_ms: 0.2908
  ...
# Subtest: runNextReviewTransitionGate: control-Issue mode with no correction-satisfied-shaped Stage 1 disposition at all never invokes checkCorrectionDeltaImpl (no wasted gh call on the common path)
ok 102 - runNextReviewTransitionGate: control-Issue mode with no correction-satisfied-shaped Stage 1 disposition at all never invokes checkCorrectionDeltaImpl (no wasted gh call on the common path)
  ---
  duration_ms: 0.2661
  ...
# Subtest: runNextReviewTransitionGate: control-Issue mode never invokes checkCorrectionDeltaImpl when stage1-gate is not NOT_REQUESTED, even if a correction-satisfied disposition is present (a fresh Stage 1 round already applies)
ok 103 - runNextReviewTransitionGate: control-Issue mode never invokes checkCorrectionDeltaImpl when stage1-gate is not NOT_REQUESTED, even if a correction-satisfied disposition is present (a fresh Stage 1 round already applies)
  ---
  duration_ms: 0.2248
  ...
# Subtest: runNextReviewTransitionGate: control-Issue mode honors an explicit --head, skipping the PR-head read
ok 104 - runNextReviewTransitionGate: control-Issue mode honors an explicit --head, skipping the PR-head read
  ---
  duration_ms: 0.2355
  ...
# Subtest: runNextReviewTransitionGate: control-Issue mode with a settled Stage 2 (Audit) reference resolves the post-merge phase
ok 105 - runNextReviewTransitionGate: control-Issue mode with a settled Stage 2 (Audit) reference resolves the post-merge phase
  ---
  duration_ms: 0.2056
  ...
# Subtest: runNextReviewTransitionGate: closed control Issues fail closed before transition resolution
ok 106 - runNextReviewTransitionGate: closed control Issues fail closed before transition resolution
  ---
  duration_ms: 0.1332
  ...
# Subtest: runNextReviewTransitionGate: control-Issue mode with neither PR nor Stage 2 settled -> AMBIGUOUS, exit 4
ok 107 - runNextReviewTransitionGate: control-Issue mode with neither PR nor Stage 2 settled -> AMBIGUOUS, exit 4
  ---
  duration_ms: 0.1446
  ...
# Subtest: runNextReviewTransitionGate: a malformed Stage 2 reference fails closed to AMBIGUOUS without ever calling checkPostAudit
ok 108 - runNextReviewTransitionGate: a malformed Stage 2 reference fails closed to AMBIGUOUS without ever calling checkPostAudit
  ---
  duration_ms: 0.1847
  ...
# Subtest: runNextReviewTransitionGate: a malformed Execution reference on an otherwise pre-merge-shaped control Issue fails closed to AMBIGUOUS
ok 109 - runNextReviewTransitionGate: a malformed Execution reference on an otherwise pre-merge-shaped control Issue fails closed to AMBIGUOUS
  ---
  duration_ms: 0.2909
  ...
# Subtest: runNextReviewTransitionGate: control-Issue mode accepts the live 'Execution issue' spelling
ok 110 - runNextReviewTransitionGate: control-Issue mode accepts the live 'Execution issue' spelling
  ---
  duration_ms: 0.3585
  ...
# Subtest: runNextReviewTransitionGate: missing every required arg fails closed with exit 1
ok 111 - runNextReviewTransitionGate: missing every required arg fails closed with exit 1
  ---
  duration_ms: 0.1104
  ...
# Subtest: runNextReviewTransitionGate: a gh issue view failure for --control-issue fails closed with exit 1
ok 112 - runNextReviewTransitionGate: a gh issue view failure for --control-issue fails closed with exit 1
  ---
  duration_ms: 0.3708
  ...
# Subtest: runNextReviewTransitionGate: the normal path (no explicit --repo) resolves repository identity via resolveRepoIdentityImpl
ok 113 - runNextReviewTransitionGate: the normal path (no explicit --repo) resolves repository identity via resolveRepoIdentityImpl
  ---
  duration_ms: 0.2794
  ...
# Subtest: runNextReviewTransitionGate: a repository-identity resolution failure is a distinct ERROR (exit 1), and never reads the control Issue
ok 114 - runNextReviewTransitionGate: a repository-identity resolution failure is a distinct ERROR (exit 1), and never reads the control Issue
  ---
  duration_ms: 0.1335
  ...
# Subtest: runNextReviewTransitionGate: a \#375-shaped mid-cycle control Issue (PR requested, Stage 1 pending) resolves to NO_ACTION_YET, never a hand-composed multi-step sequence
ok 115 - runNextReviewTransitionGate: a \#375-shaped mid-cycle control Issue (PR requested, Stage 1 pending) resolves to NO_ACTION_YET, never a hand-composed multi-step sequence
  ---
  duration_ms: 0.2294
  ...
# Subtest: parseExecutionPlan: a normal complete plan resolves Plan Index, Shared Contract, and every unit
ok 116 - parseExecutionPlan: a normal complete plan resolves Plan Index, Shared Contract, and every unit
  ---
  duration_ms: 3.4574
  ...
# Subtest: runParseExecutionPlan: a normal complete plan reports exit 0 and ok: true end to end
ok 117 - runParseExecutionPlan: a normal complete plan reports exit 0 and ok: true end to end
  ---
  duration_ms: 0.8585
  ...
# Subtest: parseExecutionPlan: a Plan Index with no Shared Contract reference fails explicitly, not silently
ok 118 - parseExecutionPlan: a Plan Index with no Shared Contract reference fails explicitly, not silently
  ---
  duration_ms: 0.4424
  ...
# Subtest: parseExecutionPlan: a referenced unit comment with a malformed heading fails explicitly
ok 119 - parseExecutionPlan: a referenced unit comment with a malformed heading fails explicitly
  ---
  duration_ms: 0.2735
  ...
# Subtest: parseExecutionPlan: a referenced unit comment whose heading names a different unit ID than the Plan Index fails explicitly
ok 120 - parseExecutionPlan: a referenced unit comment whose heading names a different unit ID than the Plan Index fails explicitly
  ---
  duration_ms: 0.233
  ...
# Subtest: parseExecutionPlan: a unit in BLOCKED state parses successfully and reports that state faithfully
ok 121 - parseExecutionPlan: a unit in BLOCKED state parses successfully and reports that state faithfully
  ---
  duration_ms: 0.251
  ...
# Subtest: parseExecutionPlan: a unit referenced by the Plan Index whose comment does not exist fails explicitly, never silently skipped
ok 122 - parseExecutionPlan: a unit referenced by the Plan Index whose comment does not exist fails explicitly, never silently skipped
  ---
  duration_ms: 0.2877
  ...
# Subtest: parseExecutionPlan: a Worker Unit Contract comment missing one required bullet fails explicitly, naming the unit and field
ok 123 - parseExecutionPlan: a Worker Unit Contract comment missing one required bullet fails explicitly, naming the unit and field
  ---
  duration_ms: 0.3373
  ...
# Subtest: parseExecutionPlan: a Worker Unit Contract comment missing several required bullets names all of them in one error
ok 124 - parseExecutionPlan: a Worker Unit Contract comment missing several required bullets names all of them in one error
  ---
  duration_ms: 0.4637
  ...
# Subtest: parseExecutionPlan: existing fully-populated fixtures still pass unchanged (no regression)
ok 125 - parseExecutionPlan: existing fully-populated fixtures still pass unchanged (no regression)
  ---
  duration_ms: 0.4026
  ...
# Subtest: parseExecutionPlan: sharedContract.url uses the resolved comment's own html_url, not a mistyped Shared-contract field URL
ok 126 - parseExecutionPlan: sharedContract.url uses the resolved comment's own html_url, not a mistyped Shared-contract field URL
  ---
  duration_ms: 0.2972
  ...
# Subtest: parseExecutionPlan: units[id].url uses the resolved unit comment's own html_url, not a mistyped Units-list entry URL
ok 127 - parseExecutionPlan: units[id].url uses the resolved unit comment's own html_url, not a mistyped Units-list entry URL
  ---
  duration_ms: 0.2551
  ...
# Subtest: parseExecutionPlan: when a resolved comment's html_url matches the field text exactly, behavior is unchanged
ok 128 - parseExecutionPlan: when a resolved comment's html_url matches the field text exactly, behavior is unchanged
  ---
  duration_ms: 0.2822
  ...
# Subtest: parseExecutionPlan: no Plan Index comment at all fails explicitly rather than returning an empty plan
ok 129 - parseExecutionPlan: no Plan Index comment at all fails explicitly rather than returning an empty plan
  ---
  duration_ms: 0.2398
  ...
# Subtest: runParseExecutionPlan: a malformed plan reports exit 2 and ok: false with the full errors array
ok 130 - runParseExecutionPlan: a malformed plan reports exit 2 and ok: false with the full errors array
  ---
  duration_ms: 0.1809
  ...
# Subtest: runParseExecutionPlan: missing --execution-issue fails closed with exit 1
ok 131 - runParseExecutionPlan: missing --execution-issue fails closed with exit 1
  ---
  duration_ms: 0.2228
  ...
# Subtest: runParseExecutionPlan: a gh api failure fails closed with exit 1, not a false empty plan
ok 132 - runParseExecutionPlan: a gh api failure fails closed with exit 1, not a false empty plan
  ---
  duration_ms: 0.3124
  ...
# Subtest: runParseExecutionPlan: repository identity is resolved via resolveRepoIdentityImpl when --repo is not supplied
ok 133 - runParseExecutionPlan: repository identity is resolved via resolveRepoIdentityImpl when --repo is not supplied
  ---
  duration_ms: 0.4333
  ...
# Subtest: runParseExecutionPlan: a repository-identity resolution failure is a distinct exit 1, and never calls gh
ok 134 - runParseExecutionPlan: a repository-identity resolution failure is a distinct exit 1, and never calls gh
  ---
  duration_ms: 0.1854
  ...
# Subtest: findHeadingComments: matches only an exact heading line, not a mere mention in prose
ok 135 - findHeadingComments: matches only an exact heading line, not a mere mention in prose
  ---
  duration_ms: 0.1879
  ...
# Subtest: pickLatestComment: picks the numerically highest id among candidates
ok 136 - pickLatestComment: picks the numerically highest id among candidates
  ---
  duration_ms: 0.139
  ...
# Subtest: parseBulletBlock: collapses wrapped continuation lines and stops at the next bullet
ok 137 - parseBulletBlock: collapses wrapped continuation lines and stops at the next bullet
  ---
  duration_ms: 0.1889
  ...
# Subtest: parseBulletBlock: last occurrence wins when a label appears more than once
ok 138 - parseBulletBlock: last occurrence wins when a label appears more than once
  ---
  duration_ms: 0.1321
  ...
# Subtest: parseUnitsBlock: extracts each indented sub-line as a separate item and stops at the next top-level bullet
ok 139 - parseUnitsBlock: extracts each indented sub-line as a separate item and stops at the next top-level bullet
  ---
  duration_ms: 0.5252
  ...
# Subtest: parseUnitsBlock: returns null when no Units bullet exists at all
ok 140 - parseUnitsBlock: returns null when no Units bullet exists at all
  ---
  duration_ms: 0.0948
  ...
# Subtest: parseUnitListItem: parses unit id, state, outcome, and URL; rejects a malformed line
ok 141 - parseUnitListItem: parses unit id, state, outcome, and URL; rejects a malformed line
  ---
  duration_ms: 0.1595
  ...
# Subtest: extractCommentIdFromUrl: extracts the numeric id from a comment permalink, null otherwise
ok 142 - extractCommentIdFromUrl: extracts the numeric id from a comment permalink, null otherwise
  ---
  duration_ms: 0.1244
  ...
# Subtest: findCommentById: finds by numeric id regardless of id type, null when absent
ok 143 - findCommentById: finds by numeric id regardless of id type, null when absent
  ---
  duration_ms: 0.1098
  ...
# Subtest: WORKER_UNIT_FIELDS: covers exactly the thirteen bold-label bullets fixed by the Shared Contract, in order
ok 144 - WORKER_UNIT_FIELDS: covers exactly the thirteen bold-label bullets fixed by the Shared Contract, in order
  ---
  duration_ms: 0.1277
  ...
# Subtest: extractCodeSpans finds every backtick span in order
ok 145 - extractCodeSpans finds every backtick span in order
  ---
  duration_ms: 1.5461
  ...
# Subtest: findExistingScriptPath picks the first existing non-test script span
ok 146 - findExistingScriptPath picks the first existing non-test script span
  ---
  duration_ms: 0.2458
  ...
# Subtest: findExistingScriptPath excludes .test. companions even when they exist
ok 147 - findExistingScriptPath excludes .test. companions even when they exist
  ---
  duration_ms: 0.1471
  ...
# Subtest: findExistingScriptPath returns null when nothing in the field exists on disk
ok 148 - findExistingScriptPath returns null when nothing in the field exists on disk
  ---
  duration_ms: 0.1217
  ...
# Subtest: findExistingScriptPath ignores non-path, non-script code spans (e.g. bare filenames)
ok 149 - findExistingScriptPath ignores non-path, non-script code spans (e.g. bare filenames)
  ---
  duration_ms: 0.1304
  ...
# Subtest: isUnitsOwnDeliverable is true when the script also appears in Required bounded outcome
ok 150 - isUnitsOwnDeliverable is true when the script also appears in Required bounded outcome
  ---
  duration_ms: 0.1231
  ...
# Subtest: isUnitsOwnDeliverable is false when the script is not mentioned in Required bounded outcome
ok 151 - isUnitsOwnDeliverable is false when the script is not mentioned in Required bounded outcome
  ---
  duration_ms: 0.1749
  ...
# Subtest: isUnitsOwnDeliverable is false for an empty/absent Required bounded outcome field
ok 152 - isUnitsOwnDeliverable is false for an empty/absent Required bounded outcome field
  ---
  duration_ms: 0.1202
  ...
# Subtest: findSkillOrPersonaMatch finds a named skill
ok 153 - findSkillOrPersonaMatch finds a named skill
  ---
  duration_ms: 0.3022
  ...
# Subtest: findSkillOrPersonaMatch finds a named persona when no skill matches
ok 154 - findSkillOrPersonaMatch finds a named persona when no skill matches
  ---
  duration_ms: 0.198
  ...
# Subtest: findSkillOrPersonaMatch returns null when nothing matches
ok 155 - findSkillOrPersonaMatch returns null when nothing matches
  ---
  duration_ms: 0.1311
  ...
# Subtest: extractCapabilityClassLabel strips the '(see Shared Contract)' parenthetical
ok 156 - extractCapabilityClassLabel strips the '(see Shared Contract)' parenthetical
  ---
  duration_ms: 0.3091
  ...
# Subtest: extractCapabilityClassLabel truncates at a dash-separated elaboration
ok 157 - extractCapabilityClassLabel truncates at a dash-separated elaboration
  ---
  duration_ms: 0.216
  ...
# Subtest: extractCapabilityClassLabel returns null for an empty field
ok 158 - extractCapabilityClassLabel returns null for an empty field
  ---
  duration_ms: 0.2127
  ...
# Subtest: extractCapabilityClassLabel truncates at the first sentence boundary before checking for a dash (294-C real field, \#396)
ok 159 - extractCapabilityClassLabel truncates at the first sentence boundary before checking for a dash (294-C real field, \#396)
  ---
  duration_ms: 0.1247
  ...
# Subtest: extractCapabilityClassLabel still truncates at the dash when the field has no earlier sentence boundary (no regression)
ok 160 - extractCapabilityClassLabel still truncates at the dash when the field has no earlier sentence boundary (no regression)
  ---
  duration_ms: 0.1586
  ...
# Subtest: extractCapabilityClassLabel does not treat an abbreviation's period as a sentence boundary in a marker-less field
ok 161 - extractCapabilityClassLabel does not treat an abbreviation's period as a sentence boundary in a marker-less field
  ---
  duration_ms: 0.1312
  ...
# Subtest: extractSoleInvokedNotModifiedPath returns the path when the field is exactly that one annotated entry
ok 162 - extractSoleInvokedNotModifiedPath returns the path when the field is exactly that one annotated entry
  ---
  duration_ms: 0.2791
  ...
# Subtest: extractSoleInvokedNotModifiedPath returns null when the script is named without the annotation
ok 163 - extractSoleInvokedNotModifiedPath returns null when the script is named without the annotation
  ---
  duration_ms: 0.1277
  ...
# Subtest: extractSoleInvokedNotModifiedPath returns null when a second surface is named in plain, unquoted text
ok 164 - extractSoleInvokedNotModifiedPath returns null when a second surface is named in plain, unquoted text
  ---
  duration_ms: 0.1534
  ...
# Subtest: extractSoleInvokedNotModifiedPath returns null when a second surface is named as a second backtick span
ok 165 - extractSoleInvokedNotModifiedPath returns null when a second surface is named as a second backtick span
  ---
  duration_ms: 0.0998
  ...
# Subtest: extractSoleInvokedNotModifiedPath returns null for a genuinely single-surface field wrapped in extra prose
ok 166 - extractSoleInvokedNotModifiedPath returns null for a genuinely single-surface field wrapped in extra prose
  ---
  duration_ms: 0.0867
  ...
# Subtest: resolveUnitRoute routes to a deterministic script when Files/surfaces is exactly one annotated existing script
ok 167 - resolveUnitRoute routes to a deterministic script when Files/surfaces is exactly one annotated existing script
  ---
  duration_ms: 0.2237
  ...
# Subtest: resolveUnitRoute does NOT route to the deterministic-script route when a separate deliverable is named alongside the annotated script (backtick-quoted)
ok 168 - resolveUnitRoute does NOT route to the deterministic-script route when a separate deliverable is named alongside the annotated script (backtick-quoted)
  ---
  duration_ms: 0.1263
  ...
# Subtest: resolveUnitRoute does NOT route to the deterministic-script route when a separate deliverable is named in plain, unquoted text
ok 169 - resolveUnitRoute does NOT route to the deterministic-script route when a separate deliverable is named in plain, unquoted text
  ---
  duration_ms: 0.1175
  ...
# Subtest: resolveUnitRoute does NOT route to the deterministic-script route when the annotation is absent, even if the script exists and isn't textually named in Required bounded outcome
ok 170 - resolveUnitRoute does NOT route to the deterministic-script route when the annotation is absent, even if the script exists and isn't textually named in Required bounded outcome
  ---
  duration_ms: 0.1221
  ...
# Subtest: resolveUnitRoute does NOT route to the deterministic-script route when the script is this unit's own deliverable, even when annotated and the only surface named
ok 171 - resolveUnitRoute does NOT route to the deterministic-script route when the script is this unit's own deliverable, even when annotated and the only surface named
  ---
  duration_ms: 0.1712
  ...
# Subtest: resolveUnitRoute routes to a matching skill before falling back to the capability-class table
ok 172 - resolveUnitRoute routes to a matching skill before falling back to the capability-class table
  ---
  duration_ms: 0.1181
  ...
# Subtest: resolveUnitRoute falls back to 'bounded implementation worker' for a bounded coding worker
ok 173 - resolveUnitRoute falls back to 'bounded implementation worker' for a bounded coding worker
  ---
  duration_ms: 0.1427
  ...
# Subtest: resolveUnitRoute resolves 294-C's real capability field to 'bounded implementation worker', not REPLAN_REQUIRED (\#396)
ok 174 - resolveUnitRoute resolves 294-C's real capability field to 'bounded implementation worker', not REPLAN_REQUIRED (\#396)
  ---
  duration_ms: 0.1479
  ...
# Subtest: resolveUnitRoute falls back to 'stronger/general worker' for a doc-authority worker
ok 175 - resolveUnitRoute falls back to 'stronger/general worker' for a doc-authority worker
  ---
  duration_ms: 0.1213
  ...
# Subtest: resolveUnitRoute passes through a capability field that already states the final label verbatim
ok 176 - resolveUnitRoute passes through a capability field that already states the final label verbatim
  ---
  duration_ms: 0.1744
  ...
# Subtest: resolveUnitRoute marks REPLAN_REQUIRED when nothing resolves deterministically
ok 177 - resolveUnitRoute marks REPLAN_REQUIRED when nothing resolves deterministically
  ---
  duration_ms: 0.2426
  ...
# Subtest: CAPABILITY_CLASS_ROUTE_TABLE contains exactly the three Shared Contract classes plus the two generic labels
ok 178 - CAPABILITY_CLASS_ROUTE_TABLE contains exactly the three Shared Contract classes plus the two generic labels
  ---
  duration_ms: 0.1167
  ...
# Subtest: extractDependencyUnitIds returns [] when there is no 'depends on' clause
ok 179 - extractDependencyUnitIds returns [] when there is no 'depends on' clause
  ---
  duration_ms: 0.4121
  ...
# Subtest: extractDependencyUnitIds excludes a trailing 'Independent of' mention
ok 180 - extractDependencyUnitIds excludes a trailing 'Independent of' mention
  ---
  duration_ms: 0.1775
  ...
# Subtest: extractDependencyUnitIds extracts every unit ID in a multi-unit 'depends on' clause
ok 181 - extractDependencyUnitIds extracts every unit ID in a multi-unit 'depends on' clause
  ---
  duration_ms: 0.1201
  ...
# Subtest: hasUnrecognizedDependencyWording flags a unit-ID mention this parser's grammar does not capture
ok 182 - hasUnrecognizedDependencyWording flags a unit-ID mention this parser's grammar does not capture
  ---
  duration_ms: 0.2692
  ...
# Subtest: hasUnrecognizedDependencyWording does not flag a recognized 'depends on ... Independent of ...' field
ok 183 - hasUnrecognizedDependencyWording does not flag a recognized 'depends on ... Independent of ...' field
  ---
  duration_ms: 0.126
  ...
# Subtest: hasUnrecognizedDependencyWording does not flag genuinely dependency-free text
ok 184 - hasUnrecognizedDependencyWording does not flag genuinely dependency-free text
  ---
  duration_ms: 0.0935
  ...
# Subtest: computeDispatchReady fails closed (not ready) for 'Blocked by 294-A' prerequisites wording
ok 185 - computeDispatchReady fails closed (not ready) for 'Blocked by 294-A' prerequisites wording
  ---
  duration_ms: 0.2016
  ...
# Subtest: computeDispatchReady fails closed (not ready) for 'Requires 294-A' prerequisites wording
ok 186 - computeDispatchReady fails closed (not ready) for 'Requires 294-A' prerequisites wording
  ---
  duration_ms: 0.1296
  ...
# Subtest: computeDispatchReady: 'depends on 294-B ... Independent of 294-A.' still extracts only 294-B and is not flagged as unrecognized
ok 187 - computeDispatchReady: 'depends on 294-B ... Independent of 294-A.' still extracts only 294-B and is not flagged as unrecognized
  ---
  duration_ms: 0.1454
  ...
# Subtest: computeDispatchReady: 'none. Parallel with 294-B.' still resolves ready with zero dependencies
ok 188 - computeDispatchReady: 'none. Parallel with 294-B.' still resolves ready with zero dependencies
  ---
  duration_ms: 0.1131
  ...
# Subtest: isDoneState recognizes DONE with a trailing completion note, not just the bare word
ok 189 - isDoneState recognizes DONE with a trailing completion note, not just the bare word
  ---
  duration_ms: 0.123
  ...
# Subtest: computeDispatchReady is always ready for a DONE unit
ok 190 - computeDispatchReady is always ready for a DONE unit
  ---
  duration_ms: 0.0993
  ...
# Subtest: computeDispatchReady is ready when there are no prerequisites
ok 191 - computeDispatchReady is ready when there are no prerequisites
  ---
  duration_ms: 0.1086
  ...
# Subtest: computeDispatchReady is ready only once every named dependency is DONE
ok 192 - computeDispatchReady is ready only once every named dependency is DONE
  ---
  duration_ms: 0.1261
  ...
# Subtest: computeDispatchReady recognizes a dependency DONE with a trailing completion note
ok 193 - computeDispatchReady recognizes a dependency DONE with a trailing completion note
  ---
  duration_ms: 0.1681
  ...
# Subtest: computeDispatchReady treats a referenced-but-missing dependency as not ready
ok 194 - computeDispatchReady treats a referenced-but-missing dependency as not ready
  ---
  duration_ms: 0.1332
  ...
# Subtest: buildNote reports the REPLAN_REQUIRED reason when routing failed
ok 195 - buildNote reports the REPLAN_REQUIRED reason when routing failed
  ---
  duration_ms: 0.7164
  ...
# Subtest: buildNote reports DONE for a completed unit
ok 196 - buildNote reports DONE for a completed unit
  ---
  duration_ms: 0.1045
  ...
# Subtest: buildNote reports a distinct note for unrecognized prerequisites wording
ok 197 - buildNote reports a distinct note for unrecognized prerequisites wording
  ---
  duration_ms: 0.1099
  ...
# Subtest: buildNote reports blocked dependencies when not ready
ok 198 - buildNote reports blocked dependencies when not ready
  ---
  duration_ms: 0.101
  ...
# Subtest: buildManifestEntries produces one entry per unit, in plan.units order
ok 199 - buildManifestEntries produces one entry per unit, in plan.units order
  ---
  duration_ms: 0.2636
  ...
# Subtest: formatDispatchManifestBody renders the exact fixed heading and per-unit line shape
ok 200 - formatDispatchManifestBody renders the exact fixed heading and per-unit line shape
  ---
  duration_ms: 0.1777
  ...
# Subtest: runPrepareDispatchManifest produces a plausible manifest for a 5-unit plan shaped like \#294
ok 201 - runPrepareDispatchManifest produces a plausible manifest for a 5-unit plan shaped like \#294
  ---
  duration_ms: 0.9519
  ...
# Subtest: runPrepareDispatchManifest passes through a parse failure without composing a manifest
ok 202 - runPrepareDispatchManifest passes through a parse failure without composing a manifest
  ---
  duration_ms: 1.0277
  ...
# Subtest: runPrepareDispatchManifest invokes postImpl with the composed body when --comment-id is given
ok 203 - runPrepareDispatchManifest invokes postImpl with the composed body when --comment-id is given
  ---
  duration_ms: 1.2491
  ...
# Subtest: runPrepareDispatchManifest invokes postImpl with the composed body when --create is given
ok 204 - runPrepareDispatchManifest invokes postImpl with the composed body when --create is given
  ---
  duration_ms: 0.5286
  ...
# Subtest: runPrepareDispatchManifest fails closed when persistence returns no canonical comment identity
ok 205 - runPrepareDispatchManifest fails closed when persistence returns no canonical comment identity
  ---
  duration_ms: 0.2763
  ...
# Subtest: runPrepareDispatchManifest rejects persistence when any unit resolves to REPLAN_REQUIRED
ok 206 - runPrepareDispatchManifest rejects persistence when any unit resolves to REPLAN_REQUIRED
  ---
  duration_ms: 0.3152
  ...
# Subtest: runPrepareDispatchManifest fails closed when persisted manifest belongs to the wrong execution Issue
ok 207 - runPrepareDispatchManifest fails closed when persisted manifest belongs to the wrong execution Issue
  ---
  duration_ms: 0.2567
  ...
# Subtest: runPrepareDispatchManifest fails closed when parsed plan has no Plan Index comment id
ok 208 - runPrepareDispatchManifest fails closed when parsed plan has no Plan Index comment id
  ---
  duration_ms: 0.313
  ...
# Subtest: runPrepareDispatchManifest fails closed when read-back manifest body differs from the generated body
ok 209 - runPrepareDispatchManifest fails closed when read-back manifest body differs from the generated body
  ---
  duration_ms: 0.3484
  ...
# Subtest: runPrepareDispatchManifest fails closed when Plan Index update throws
ok 210 - runPrepareDispatchManifest fails closed when Plan Index update throws
  ---
  duration_ms: 0.468
  ...
# Subtest: runPrepareDispatchManifest fails closed when Plan Index verification does not contain the manifest URL
ok 211 - runPrepareDispatchManifest fails closed when Plan Index verification does not contain the manifest URL
  ---
  duration_ms: 0.4238
  ...
# Subtest: runPrepareDispatchManifest returns stdout-only body without persisting when neither --create nor --comment-id is given
ok 212 - runPrepareDispatchManifest returns stdout-only body without persisting when neither --create nor --comment-id is given
  ---
  duration_ms: 0.2005
  ...
# Subtest: CLI: missing --execution-issue fails closed
ok 213 - CLI: missing --execution-issue fails closed
  ---
  duration_ms: 2208.1056
  ...
# Subtest: real fixture: control Issue \#311's body is READY_TO_DISPATCH with execution \#310, route implementation worker
ok 214 - real fixture: control Issue \#311's body is READY_TO_DISPATCH with execution \#310, route implementation worker
  ---
  duration_ms: 2.3123
  ...
# Subtest: real fixture: control Issue \#322's body is BLOCKED (issue \#368) because Lifecycle is BLOCKED and Blocker is non-none
ok 215 - real fixture: control Issue \#322's body is BLOCKED (issue \#368) because Lifecycle is BLOCKED and Blocker is non-none
  ---
  duration_ms: 0.3056
  ...
# Subtest: parseControlBullet: case-insensitive label, last occurrence wins, trailing explanation preserved
ok 216 - parseControlBullet: case-insensitive label, last occurrence wins, trailing explanation preserved
  ---
  duration_ms: 0.1648
  ...
# Subtest: isNoneSentinel: bare "none" and "none — explanation" both count; a real blocker does not
ok 217 - isNoneSentinel: bare "none" and "none — explanation" both count; a real blocker does not
  ---
  duration_ms: 0.148
  ...
# Subtest: parseExecutionPointer: exactly one \#N is ok; zero or multiple fail closed
ok 218 - parseExecutionPointer: exactly one \#N is ok; zero or multiple fail closed
  ---
  duration_ms: 0.6817
  ...
# Subtest: parseExecutionPointer: a full GitHub issue/PR URL resolves the same as "\#N"
ok 219 - parseExecutionPointer: a full GitHub issue/PR URL resolves the same as "\#N"
  ---
  duration_ms: 0.1888
  ...
# Subtest: evaluateReadyDispatchGate: the exact control \#301 reproduction shape is BLOCKED, not ordinary NOT_READY (issue \#368)
ok 220 - evaluateReadyDispatchGate: the exact control \#301 reproduction shape is BLOCKED, not ordinary NOT_READY (issue \#368)
  ---
  duration_ms: 0.2353
  ...
# Subtest: evaluateReadyDispatchGate: a template-shaped body with State: BLOCKED_FAILURE is BLOCKED, not NOT_READY (issue \#370)
ok 221 - evaluateReadyDispatchGate: a template-shaped body with State: BLOCKED_FAILURE is BLOCKED, not NOT_READY (issue \#370)
  ---
  duration_ms: 0.2561
  ...
# Subtest: evaluateReadyDispatchGate: a template-shaped body with State: BLOCKED_EXTERNAL is BLOCKED, not NOT_READY (issue \#370)
ok 222 - evaluateReadyDispatchGate: a template-shaped body with State: BLOCKED_EXTERNAL is BLOCKED, not NOT_READY (issue \#370)
  ---
  duration_ms: 0.2882
  ...
# Subtest: checkReadyDispatch: a template-shaped control Issue with State: BLOCKED_FAILURE reports exit 4, state BLOCKED (issue \#370)
ok 223 - checkReadyDispatch: a template-shaped control Issue with State: BLOCKED_FAILURE reports exit 4, state BLOCKED (issue \#370)
  ---
  duration_ms: 0.5141
  ...
# Subtest: checkReadyDispatch: a template-shaped control Issue with State: BLOCKED_EXTERNAL reports exit 4, state BLOCKED (issue \#370)
ok 224 - checkReadyDispatch: a template-shaped control Issue with State: BLOCKED_EXTERNAL reports exit 4, state BLOCKED (issue \#370)
  ---
  duration_ms: 0.2603
  ...
# Subtest: evaluateReadyDispatchGate: a non-'none' Blocker alone (otherwise READY-shaped) is BLOCKED, not a fallthrough NOT_READY (issue \#368)
ok 225 - evaluateReadyDispatchGate: a non-'none' Blocker alone (otherwise READY-shaped) is BLOCKED, not a fallthrough NOT_READY (issue \#368)
  ---
  duration_ms: 0.1548
  ...
# Subtest: evaluateReadyDispatchGate: an unresolved Founder decision alone (otherwise READY-shaped) is BLOCKED, not a fallthrough NOT_READY (issue \#368)
ok 226 - evaluateReadyDispatchGate: an unresolved Founder decision alone (otherwise READY-shaped) is BLOCKED, not a fallthrough NOT_READY (issue \#368)
  ---
  duration_ms: 0.1509
  ...
# Subtest: evaluateReadyDispatchGate: EXECUTING/VERIFYING/REVIEW/AUDIT/CORRECTION with Blocker/Founder decision both none stay NOT_READY, never BLOCKED (issue \#368 AC: authorized mid-lifecycle continuation is not converted into a founder blocker)
ok 227 - evaluateReadyDispatchGate: EXECUTING/VERIFYING/REVIEW/AUDIT/CORRECTION with Blocker/Founder decision both none stay NOT_READY, never BLOCKED (issue \#368 AC: authorized mid-lifecycle continuation is not converted into a founder blocker)
  ---
  duration_ms: 0.2775
  ...
# Subtest: evaluateReadyDispatchGate: a legacy unsplit Issue with no control-state shape at all stays ordinary NOT_READY fallback, never BLOCKED (issue \#368)
ok 228 - evaluateReadyDispatchGate: a legacy unsplit Issue with no control-state shape at all stays ordinary NOT_READY fallback, never BLOCKED (issue \#368)
  ---
  duration_ms: 0.2304
  ...
# Subtest: evaluateReadyDispatchGate: missing Blocker/Founder-decision fields fail closed, never assumed 'none'
ok 229 - evaluateReadyDispatchGate: missing Blocker/Founder-decision fields fail closed, never assumed 'none'
  ---
  duration_ms: 0.2461
  ...
# Subtest: evaluateReadyDispatchGate: EXECUTING/VERIFYING/REVIEW/AUDIT/CORRECTION are all NOT_READY, not just BLOCKED
ok 230 - evaluateReadyDispatchGate: EXECUTING/VERIFYING/REVIEW/AUDIT/CORRECTION are all NOT_READY, not just BLOCKED
  ---
  duration_ms: 0.2472
  ...
# Subtest: evaluateReadyDispatchGate: an unsettled Route (missing or 'none') is NOT_READY even with every other field satisfied
ok 231 - evaluateReadyDispatchGate: an unsettled Route (missing or 'none') is NOT_READY even with every other field satisfied
  ---
  duration_ms: 0.2724
  ...
# Subtest: parseHeadingField: reads a GitHub issue-form '\#\#\# Heading' field, distinct from the bullet convention (Stage 1 finding, PR \#323)
ok 232 - parseHeadingField: reads a GitHub issue-form '\#\#\# Heading' field, distinct from the bullet convention (Stage 1 finding, PR \#323)
  ---
  duration_ms: 0.1506
  ...
# Subtest: evaluateReadyDispatchGate: a control Issue shaped like the real shipped parent-execution.yml template (\#\#\# headings, no bullets) is still readable (Stage 1 P1 finding, PR \#323)
ok 233 - evaluateReadyDispatchGate: a control Issue shaped like the real shipped parent-execution.yml template (\#\#\# headings, no bullets) is still readable (Stage 1 P1 finding, PR \#323)
  ---
  duration_ms: 0.2163
  ...
# Subtest: evaluateReadyDispatchGate: Lifecycle/Blocker/Founder-decision fall back to template headings even with no Execution/Route bullets present anywhere but Minimum authority
ok 234 - evaluateReadyDispatchGate: Lifecycle/Blocker/Founder-decision fall back to template headings even with no Execution/Route bullets present anywhere but Minimum authority
  ---
  duration_ms: 0.2627
  ...
# Subtest: parseHeadingBlock: reads the entire multiline field, not just its first line (Stage 2 audit finding, PR \#323)
ok 235 - parseHeadingBlock: reads the entire multiline field, not just its first line (Stage 2 audit finding, PR \#323)
  ---
  duration_ms: 0.1396
  ...
# Subtest: extractActiveExecutionRef: isolates the labeled entry, ignoring an unrelated '\#N' reference elsewhere in the same block (Stage 1 finding, PR \#325)
ok 236 - extractActiveExecutionRef: isolates the labeled entry, ignoring an unrelated '\#N' reference elsewhere in the same block (Stage 1 finding, PR \#325)
  ---
  duration_ms: 0.1742
  ...
# Subtest: extractActiveExecutionRef: an unrelated reference two lines below an empty label entry is never picked up (Stage 2 audit finding, PR \#325 — the exact adversarial input Codex reported)
ok 237 - extractActiveExecutionRef: an unrelated reference two lines below an empty label entry is never picked up (Stage 2 audit finding, PR \#325 — the exact adversarial input Codex reported)
  ---
  duration_ms: 0.1001
  ...
# Subtest: extractActiveExecutionRef: a historical/superseded or negated mention of the label phrase is never treated as the authoritative entry (Stage 2 audit finding, PR \#327 — the exact adversarial input Codex reported)
ok 238 - extractActiveExecutionRef: a historical/superseded or negated mention of the label phrase is never treated as the authoritative entry (Stage 2 audit finding, PR \#327 — the exact adversarial input Codex reported)
  ---
  duration_ms: 0.1147
  ...
# Subtest: extractActiveExecutionRef: recognizes the repository's own '- **Label:**' bold-bullet convention (Stage 1 finding, PR \#329)
ok 239 - extractActiveExecutionRef: recognizes the repository's own '- **Label:**' bold-bullet convention (Stage 1 finding, PR \#329)
  ---
  duration_ms: 0.1144
  ...
# Subtest: evaluateReadyDispatchGate: a 'Minimum authority' block with an empty Active-execution entry never dispatches to a later, unrelated authority reference (Stage 2 audit finding, PR \#325)
ok 240 - evaluateReadyDispatchGate: a 'Minimum authority' block with an empty Active-execution entry never dispatches to a later, unrelated authority reference (Stage 2 audit finding, PR \#325)
  ---
  duration_ms: 0.2817
  ...
# Subtest: evaluateReadyDispatchGate: a superseded 'Previous active execution Issue' line never outranks the genuine label entry (Stage 2 audit finding, PR \#327)
ok 241 - evaluateReadyDispatchGate: a superseded 'Previous active execution Issue' line never outranks the genuine label entry (Stage 2 audit finding, PR \#327)
  ---
  duration_ms: 0.1533
  ...
# Subtest: evaluateReadyDispatchGate: a 'Minimum authority' block naming both the active execution Issue and another required issue still resolves to exactly the labeled one (Stage 1 finding, PR \#325 — the exact false negative Codex reported)
ok 242 - evaluateReadyDispatchGate: a 'Minimum authority' block naming both the active execution Issue and another required issue still resolves to exactly the labeled one (Stage 1 finding, PR \#325 — the exact false negative Codex reported)
  ---
  duration_ms: 0.1411
  ...
# Subtest: evaluateReadyDispatchGate: an Execution pointer on a later line of a multiline 'Minimum authority' block is still found (Stage 2 audit finding, PR \#323 — the exact false negative Codex reported)
ok 243 - evaluateReadyDispatchGate: an Execution pointer on a later line of a multiline 'Minimum authority' block is still found (Stage 2 audit finding, PR \#323 — the exact false negative Codex reported)
  ---
  duration_ms: 0.1414
  ...
# Subtest: evaluateReadyDispatchGate: a self-referential Execution pointer (control Issue naming itself) is NOT_READY (Stage 1 finding, PR \#323)
ok 244 - evaluateReadyDispatchGate: a self-referential Execution pointer (control Issue naming itself) is NOT_READY (Stage 1 finding, PR \#323)
  ---
  duration_ms: 0.1945
  ...
# Subtest: checkReadyDispatch: rejects a self-referential Execution pointer end to end
ok 245 - checkReadyDispatch: rejects a self-referential Execution pointer end to end
  ---
  duration_ms: 0.2306
  ...
# Subtest: checkReadyDispatch: never calls gh more than once, and never for anything but the control Issue itself
ok 246 - checkReadyDispatch: never calls gh more than once, and never for anything but the control Issue itself
  ---
  duration_ms: 0.2899
  ...
# Subtest: checkReadyDispatch: a closed control Issue is NOT_READY regardless of body content
ok 247 - checkReadyDispatch: a closed control Issue is NOT_READY regardless of body content
  ---
  duration_ms: 0.2103
  ...
# Subtest: checkReadyDispatch: a BLOCKED control Issue (control \#301 reproduction shape) reports exit 4 with reasons, from a single read, never dispatches (issue \#368)
ok 248 - checkReadyDispatch: a BLOCKED control Issue (control \#301 reproduction shape) reports exit 4 with reasons, from a single read, never dispatches (issue \#368)
  ---
  duration_ms: 0.2152
  ...
# Subtest: checkReadyDispatch: a BLOCKED control Issue (real \#322 fixture) reports exit 4 with reasons, never dispatches (issue \#368)
ok 249 - checkReadyDispatch: a BLOCKED control Issue (real \#322 fixture) reports exit 4 with reasons, never dispatches (issue \#368)
  ---
  duration_ms: 0.1711
  ...
# Subtest: checkReadyDispatch: an ordinary NOT_READY control Issue (mid-cycle lifecycle, no active blocker) still reports exit 3, distinct from BLOCKED's exit 4
ok 250 - checkReadyDispatch: an ordinary NOT_READY control Issue (mid-cycle lifecycle, no active blocker) still reports exit 3, distinct from BLOCKED's exit 4
  ---
  duration_ms: 0.1685
  ...
# Subtest: classifyAuditIssue: a real audit-control-issue.yml-shaped body is detected regardless of its current Verdict value
ok 251 - classifyAuditIssue: a real audit-control-issue.yml-shaped body is detected regardless of its current Verdict value
  ---
  duration_ms: 0.1234
  ...
# Subtest: classifyAuditIssue: a thin control Issue (real \#311 fixture) is never misclassified as an Audit Issue
ok 252 - classifyAuditIssue: a thin control Issue (real \#311 fixture) is never misclassified as an Audit Issue
  ---
  duration_ms: 0.0862
  ...
# Subtest: classifyAuditIssue: missing any one of the three required fields fails closed to false
ok 253 - classifyAuditIssue: missing any one of the three required fields fails closed to false
  ---
  duration_ms: 0.1515
  ...
# Subtest: evaluateReadyDispatchGate: a directly-dispatched Audit Issue returns AUDIT_ISSUE_DETECTED, never NOT_READY, with a correct next-step pointer (issue \#407 unit 407-B, the \#432 fix)
ok 254 - evaluateReadyDispatchGate: a directly-dispatched Audit Issue returns AUDIT_ISSUE_DETECTED, never NOT_READY, with a correct next-step pointer (issue \#407 unit 407-B, the \#432 fix)
  ---
  duration_ms: 0.1062
  ...
# Subtest: evaluateReadyDispatchGate: AUDIT_ISSUE_DETECTED is checked before the generic Lifecycle-bullet path even when the body happens to also carry an unrelated bullet-shaped line
ok 255 - evaluateReadyDispatchGate: AUDIT_ISSUE_DETECTED is checked before the generic Lifecycle-bullet path even when the body happens to also carry an unrelated bullet-shaped line
  ---
  duration_ms: 0.1459
  ...
# Subtest: checkReadyDispatch: a directly-dispatched Audit Issue resolves end to end to exit 9 / AUDIT_ISSUE_DETECTED from a single control-plane read, no source-inspection or ad hoc parsing required (issue \#407 unit 407-B)
ok 256 - checkReadyDispatch: a directly-dispatched Audit Issue resolves end to end to exit 9 / AUDIT_ISSUE_DETECTED from a single control-plane read, no source-inspection or ad hoc parsing required (issue \#407 unit 407-B)
  ---
  duration_ms: 0.2521
  ...
# Subtest: checkReadyDispatch: a directly-dispatched Audit Issue with a NOT CLEAN dropdown still classifies as AUDIT_ISSUE_DETECTED — verdict interpretation is next-review-transition-gate.mjs's job, not this gate's
ok 257 - checkReadyDispatch: a directly-dispatched Audit Issue with a NOT CLEAN dropdown still classifies as AUDIT_ISSUE_DETECTED — verdict interpretation is next-review-transition-gate.mjs's job, not this gate's
  ---
  duration_ms: 0.1396
  ...
# Subtest: checkReadyDispatch: a directly-dispatched Audit Issue that is already CLOSED still classifies as AUDIT_ISSUE_DETECTED, never the generic 'is CLOSED, not OPEN' NOT_READY (Stage 1 review finding on PR \#435: the open-state guard previously ran before audit classification, so a closed canonical Audit Issue could never reach next-review-transition-gate.mjs's own idempotent ALREADY_TERMINAL result)
ok 258 - checkReadyDispatch: a directly-dispatched Audit Issue that is already CLOSED still classifies as AUDIT_ISSUE_DETECTED, never the generic 'is CLOSED, not OPEN' NOT_READY (Stage 1 review finding on PR \#435: the open-state guard previously ran before audit classification, so a closed canonical Audit Issue could never reach next-review-transition-gate.mjs's own idempotent ALREADY_TERMINAL result)
  ---
  duration_ms: 0.1345
  ...
# Subtest: checkReadyDispatch: missing required args fails closed with exit 1
ok 259 - checkReadyDispatch: missing required args fails closed with exit 1
  ---
  duration_ms: 0.0963
  ...
# Subtest: checkReadyDispatch: a gh failure (e.g. issue not found) fails closed with exit 1, not a false NOT_READY
ok 260 - checkReadyDispatch: a gh failure (e.g. issue not found) fails closed with exit 1, not a false NOT_READY
  ---
  duration_ms: 0.2864
  ...
# Subtest: parseOwnerRepoFromRemoteUrl: HTTPS remote, with and without a trailing .git
ok 261 - parseOwnerRepoFromRemoteUrl: HTTPS remote, with and without a trailing .git
  ---
  duration_ms: 0.2326
  ...
# Subtest: parseOwnerRepoFromRemoteUrl: scp-like SSH remote, with and without a user@ prefix or .git suffix
ok 262 - parseOwnerRepoFromRemoteUrl: scp-like SSH remote, with and without a user@ prefix or .git suffix
  ---
  duration_ms: 0.1872
  ...
# Subtest: parseOwnerRepoFromRemoteUrl: ssh:// scheme form and a GitHub Enterprise host both resolve on owner/repo shape alone
ok 263 - parseOwnerRepoFromRemoteUrl: ssh:// scheme form and a GitHub Enterprise host both resolve on owner/repo shape alone
  ---
  duration_ms: 0.1602
  ...
# Subtest: parseOwnerRepoFromRemoteUrl: a consumer repository's own remote resolves to that consumer's identity, never LDL's
ok 264 - parseOwnerRepoFromRemoteUrl: a consumer repository's own remote resolves to that consumer's identity, never LDL's
  ---
  duration_ms: 0.113
  ...
# Subtest: parseOwnerRepoFromRemoteUrl: malformed, empty, or non-string input fails closed to null rather than guessing
ok 265 - parseOwnerRepoFromRemoteUrl: malformed, empty, or non-string input fails closed to null rather than guessing
  ---
  duration_ms: 0.1398
  ...
# Subtest: resolveRepoIdentity: derives owner/repo from an injected origin remote (no real git/network access)
ok 266 - resolveRepoIdentity: derives owner/repo from an injected origin remote (no real git/network access)
  ---
  duration_ms: 0.1703
  ...
# Subtest: resolveRepoIdentity: a consumer checkout's remote resolves to the consumer's own repository
ok 267 - resolveRepoIdentity: a consumer checkout's remote resolves to the consumer's own repository
  ---
  duration_ms: 0.1153
  ...
# Subtest: resolveRepoIdentity: fails closed (ok: false) when `git remote get-url origin` itself throws (no configured remote)
ok 268 - resolveRepoIdentity: fails closed (ok: false) when `git remote get-url origin` itself throws (no configured remote)
  ---
  duration_ms: 0.1207
  ...
# Subtest: resolveRepoIdentity: fails closed (ok: false) when the remote URL doesn't resolve to an owner/repo shape
ok 269 - resolveRepoIdentity: fails closed (ok: false) when the remote URL doesn't resolve to an owner/repo shape
  ---
  duration_ms: 0.1453
  ...
# Subtest: resolveRepoIdentity: never throws, even when gitRemoteUrlImpl throws a non-Error value (Stage 2 audit finding, issue \#348)
ok 270 - resolveRepoIdentity: never throws, even when gitRemoteUrlImpl throws a non-Error value (Stage 2 audit finding, issue \#348)
  ---
  duration_ms: 0.2307
  ...
# Subtest: resolveRepoIdentity: never throws even when the thrown value's own inspection (Symbol.toPrimitive/toString/message getter) throws (Stage 1 finding, PR \#349)
ok 271 - resolveRepoIdentity: never throws even when the thrown value's own inspection (Symbol.toPrimitive/toString/message getter) throws (Stage 1 finding, PR \#349)
  ---
  duration_ms: 0.2142
  ...
# Subtest: resolveRepoIdentity: never throws when a genuine Error's own message is a non-string value whose coercion throws (Stage 2 audit finding, issue \#350)
ok 272 - resolveRepoIdentity: never throws when a genuine Error's own message is a non-string value whose coercion throws (Stage 2 audit finding, issue \#350)
  ---
  duration_ms: 0.164
  ...
# Subtest: checkReadyDispatch: the normal path (no explicit repo) resolves repository identity via resolveRepoIdentityImpl, never a hand-typed value
ok 273 - checkReadyDispatch: the normal path (no explicit repo) resolves repository identity via resolveRepoIdentityImpl, never a hand-typed value
  ---
  duration_ms: 0.1994
  ...
# Subtest: checkReadyDispatch: a consumer repository's derived identity is used as-is, never coerced to the LDL source repository
ok 274 - checkReadyDispatch: a consumer repository's derived identity is used as-is, never coerced to the LDL source repository
  ---
  duration_ms: 0.173
  ...
# Subtest: checkReadyDispatch: an explicit --repo override is used verbatim and never triggers repository-identity resolution
ok 275 - checkReadyDispatch: an explicit --repo override is used verbatim and never triggers repository-identity resolution
  ---
  duration_ms: 0.2644
  ...
# Subtest: checkReadyDispatch: a repository-identity resolution failure is a distinct ERROR (exit 1), never NOT_READY (exit 3), and never reads the control Issue
ok 276 - checkReadyDispatch: a repository-identity resolution failure is a distinct ERROR (exit 1), never NOT_READY (exit 3), and never reads the control Issue
  ---
  duration_ms: 0.1507
  ...
# Subtest: checkReadyDispatch: missing --control-issue fails closed with exit 1 even without attempting repository-identity resolution
ok 277 - checkReadyDispatch: missing --control-issue fails closed with exit 1 even without attempting repository-identity resolution
  ---
  duration_ms: 0.1088
  ...
# Subtest: evaluateReadyDispatchGate: the literal live \#408 body ('Execution issue:' spelling) resolves to READY_TO_DISPATCH_PLANNING, not NOT_READY (397-E)
ok 278 - evaluateReadyDispatchGate: the literal live \#408 body ('Execution issue:' spelling) resolves to READY_TO_DISPATCH_PLANNING, not NOT_READY (397-E)
  ---
  duration_ms: 0.1566
  ...
# Subtest: checkReadyDispatch: the literal live \#408 body reports exit 5, state READY_TO_DISPATCH_PLANNING, from a single read (397-E)
ok 279 - checkReadyDispatch: the literal live \#408 body reports exit 5, state READY_TO_DISPATCH_PLANNING, from a single read (397-E)
  ---
  duration_ms: 0.2602
  ...
# Subtest: evaluateReadyDispatchGate: a \#398-shaped PLAN_READY body ('Execution issue:' spelling) resolves to READY_TO_RUN_DISPATCH_MANIFEST (397-E)
ok 280 - evaluateReadyDispatchGate: a \#398-shaped PLAN_READY body ('Execution issue:' spelling) resolves to READY_TO_RUN_DISPATCH_MANIFEST (397-E)
  ---
  duration_ms: 0.1627
  ...
# Subtest: checkReadyDispatch: a \#398-shaped PLAN_READY body reports exit 6, state READY_TO_RUN_DISPATCH_MANIFEST, from a single read (397-E)
ok 281 - checkReadyDispatch: a \#398-shaped PLAN_READY body reports exit 6, state READY_TO_RUN_DISPATCH_MANIFEST, from a single read (397-E)
  ---
  duration_ms: 0.1977
  ...
# Subtest: readExecutionBulletField: only 'Execution:' present is read verbatim (legacy control Issues keep working unchanged)
ok 282 - readExecutionBulletField: only 'Execution:' present is read verbatim (legacy control Issues keep working unchanged)
  ---
  duration_ms: 0.1076
  ...
# Subtest: readExecutionBulletField: only 'Execution issue:' present is read verbatim (live \#398/\#408 spelling)
ok 283 - readExecutionBulletField: only 'Execution issue:' present is read verbatim (live \#398/\#408 spelling)
  ---
  duration_ms: 0.0983
  ...
# Subtest: readExecutionBulletField: both spellings present naming the same issue is not a conflict
ok 284 - readExecutionBulletField: both spellings present naming the same issue is not a conflict
  ---
  duration_ms: 0.1091
  ...
# Subtest: readExecutionBulletField: both spellings present naming different issues is a conflict
ok 285 - readExecutionBulletField: both spellings present naming different issues is a conflict
  ---
  duration_ms: 0.1298
  ...
# Subtest: evaluateReadyDispatchGate: conflicting 'Execution:'/'Execution issue:' pointers fail closed to NOT_READY with an explicit conflict reason, never silently picking one (397-E)
ok 286 - evaluateReadyDispatchGate: conflicting 'Execution:'/'Execution issue:' pointers fail closed to NOT_READY with an explicit conflict reason, never silently picking one (397-E)
  ---
  duration_ms: 0.2259
  ...
# Subtest: checkReadyDispatch: conflicting 'Execution:'/'Execution issue:' pointers report exit 3, state NOT_READY, from a single read (397-E)
ok 287 - checkReadyDispatch: conflicting 'Execution:'/'Execution issue:' pointers report exit 3, state NOT_READY, from a single read (397-E)
  ---
  duration_ms: 0.29
  ...
# Subtest: evaluateReadyDispatchGate: READY_FOR_PLAN with any other Route value is NOT_READY, never dispatched with the wrong route
ok 288 - evaluateReadyDispatchGate: READY_FOR_PLAN with any other Route value is NOT_READY, never dispatched with the wrong route
  ---
  duration_ms: 0.139
  ...
# Subtest: evaluateReadyDispatchGate: READY_FOR_PLAN with an active Blocker is BLOCKED, not NOT_READY (issue \#368's split still applies to the new states)
ok 289 - evaluateReadyDispatchGate: READY_FOR_PLAN with an active Blocker is BLOCKED, not NOT_READY (issue \#368's split still applies to the new states)
  ---
  duration_ms: 0.1211
  ...
# Subtest: evaluateReadyDispatchGate: PLAN_READY resolves to READY_TO_RUN_DISPATCH_MANIFEST, with no Route-value requirement beyond settled
ok 290 - evaluateReadyDispatchGate: PLAN_READY resolves to READY_TO_RUN_DISPATCH_MANIFEST, with no Route-value requirement beyond settled
  ---
  duration_ms: 0.1119
  ...
# Subtest: checkReadyDispatch: PLAN_READY reports exit 6, state READY_TO_RUN_DISPATCH_MANIFEST
ok 291 - checkReadyDispatch: PLAN_READY reports exit 6, state READY_TO_RUN_DISPATCH_MANIFEST
  ---
  duration_ms: 0.1536
  ...
# Subtest: evaluateReadyDispatchGate: ROUTED requires manifest verification before READY_TO_DISPATCH_UNITS
ok 292 - evaluateReadyDispatchGate: ROUTED requires manifest verification before READY_TO_DISPATCH_UNITS
  ---
  duration_ms: 0.1158
  ...
# Subtest: checkReadyDispatch: ROUTED reports exit 7 only when the manifest pointer and comment are verified
ok 293 - checkReadyDispatch: ROUTED reports exit 7 only when the manifest pointer and comment are verified
  ---
  duration_ms: 1.1504
  ...
# Subtest: checkReadyDispatch: ROUTED with Dispatch manifest pointer 'none' is NOT_READY
ok 294 - checkReadyDispatch: ROUTED with Dispatch manifest pointer 'none' is NOT_READY
  ---
  duration_ms: 0.2344
  ...
# Subtest: checkReadyDispatch: ROUTED fails closed when referenced manifest belongs to the wrong issue
ok 295 - checkReadyDispatch: ROUTED fails closed when referenced manifest belongs to the wrong issue
  ---
  duration_ms: 0.288
  ...
# Subtest: verifyRoutedDispatchManifest: fails closed when manifest Plan index backlink does not match parsed plan
ok 296 - verifyRoutedDispatchManifest: fails closed when manifest Plan index backlink does not match parsed plan
  ---
  duration_ms: 0.548
  ...
# Subtest: verifyRoutedDispatchManifest: a duplicate 'Plan index:' bullet resolves via last-occurrence, matching parseControlBullet's convention, not the first
ok 297 - verifyRoutedDispatchManifest: a duplicate 'Plan index:' bullet resolves via last-occurrence, matching parseControlBullet's convention, not the first
  ---
  duration_ms: 0.3117
  ...
# Subtest: verifyRoutedDispatchManifest: rejects a Dispatch manifest pointer whose origin differs from the comment's real canonical origin
ok 298 - verifyRoutedDispatchManifest: rejects a Dispatch manifest pointer whose origin differs from the comment's real canonical origin
  ---
  duration_ms: 0.2175
  ...
# Subtest: checkReadyDispatch: ROUTED reports ERROR (exit 1), not NOT_READY, when the execution plan read fails operationally
ok 299 - checkReadyDispatch: ROUTED reports ERROR (exit 1), not NOT_READY, when the execution plan read fails operationally
  ---
  duration_ms: 0.2316
  ...
# Subtest: checkReadyDispatch: ROUTED reports ERROR (exit 1), not NOT_READY, when the Dispatch manifest comment read-back throws
ok 300 - checkReadyDispatch: ROUTED reports ERROR (exit 1), not NOT_READY, when the Dispatch manifest comment read-back throws
  ---
  duration_ms: 0.2661
  ...
# Subtest: evaluateReadyDispatchGate: EXECUTION_COMPLETE resolves to READY_TO_DISPATCH_INTEGRATION
ok 301 - evaluateReadyDispatchGate: EXECUTION_COMPLETE resolves to READY_TO_DISPATCH_INTEGRATION
  ---
  duration_ms: 0.1204
  ...
# Subtest: checkReadyDispatch: EXECUTION_COMPLETE reports exit 8, state READY_TO_DISPATCH_INTEGRATION
ok 302 - checkReadyDispatch: EXECUTION_COMPLETE reports exit 8, state READY_TO_DISPATCH_INTEGRATION
  ---
  duration_ms: 0.1652
  ...
# Subtest: evaluateReadyDispatchGate: an unresolved Founder decision on a ROUTED control Issue is BLOCKED, not NOT_READY
ok 303 - evaluateReadyDispatchGate: an unresolved Founder decision on a ROUTED control Issue is BLOCKED, not NOT_READY
  ---
  duration_ms: 0.1208
  ...
# Subtest: evaluateReadyDispatchGate: PLAN_READY/ROUTED/EXECUTION_COMPLETE still require a settled Execution pointer and Route, and reject a self-referential Execution pointer
ok 304 - evaluateReadyDispatchGate: PLAN_READY/ROUTED/EXECUTION_COMPLETE still require a settled Execution pointer and Route, and reject a self-referential Execution pointer
  ---
  duration_ms: 0.2474
  ...
# Subtest: parseArgs: reads --repo/--pr/--head/--set-status
ok 305 - parseArgs: reads --repo/--pr/--head/--set-status
  ---
  duration_ms: 1.4832
  ...
# Subtest: findBareTrigger: finds an exact, marker-less trigger comment
ok 306 - findBareTrigger: finds an exact, marker-less trigger comment
  ---
  duration_ms: 0.1831
  ...
# Subtest: findBareTrigger: ignores a marked trigger comment
ok 307 - findBareTrigger: ignores a marked trigger comment
  ---
  duration_ms: 0.1334
  ...
# Subtest: findBareTrigger: ignores ordinary prose that merely mentions the phrase
ok 308 - findBareTrigger: ignores ordinary prose that merely mentions the phrase
  ---
  duration_ms: 0.1152
  ...
# Subtest: findBareTrigger: picks the earliest match when more than one exists
ok 309 - findBareTrigger: picks the earliest match when more than one exists
  ---
  duration_ms: 0.1498
  ...
# Subtest: findBareTrigger: null on an empty thread
ok 310 - findBareTrigger: null on an empty thread
  ---
  duration_ms: 0.1014
  ...
# Subtest: findBareTriggers: returns every candidate, oldest first
ok 311 - findBareTriggers: returns every candidate, oldest first
  ---
  duration_ms: 0.191
  ...
# Subtest: findBareTriggers: empty array on an empty thread
ok 312 - findBareTriggers: empty array on an empty thread
  ---
  duration_ms: 0.12
  ...
# Subtest: isEligibleForRepair: single commit before the bare trigger, head is that commit -> eligible (original single-commit case)
ok 313 - isEligibleForRepair: single commit before the bare trigger, head is that commit -> eligible (original single-commit case)
  ---
  duration_ms: 0.3129
  ...
# Subtest: isEligibleForRepair: single commit after the bare trigger -> ineligible, no grounding commit exists
ok 314 - isEligibleForRepair: single commit after the bare trigger -> ineligible, no grounding commit exists
  ---
  duration_ms: 0.2078
  ...
# Subtest: isEligibleForRepair: two commits, trigger between them, head is the second (later) commit -> ineligible (Stage 2 audit finding on issue \#278/\#274: any commit after the trigger makes it permanently ineligible, even when head is that very commit -- Codex's response never saw it)
ok 315 - isEligibleForRepair: two commits, trigger between them, head is the second (later) commit -> ineligible (Stage 2 audit finding on issue \#278/\#274: any commit after the trigger makes it permanently ineligible, even when head is that very commit -- Codex's response never saw it)
  ---
  duration_ms: 0.166
  ...
# Subtest: isEligibleForRepair: two commits, trigger between them, head is the EARLIER commit -> ineligible (head has fallen behind a commit that already exists)
ok 316 - isEligibleForRepair: two commits, trigger between them, head is the EARLIER commit -> ineligible (head has fallen behind a commit that already exists)
  ---
  duration_ms: 0.1453
  ...
# Subtest: isEligibleForRepair: an OTHER, earlier post-trigger commit qualifies and isn't head -> ineligible (head skipped past a commit the response never covered)
ok 317 - isEligibleForRepair: an OTHER, earlier post-trigger commit qualifies and isn't head -> ineligible (head skipped past a commit the response never covered)
  ---
  duration_ms: 0.184
  ...
# Subtest: isEligibleForRepair: exact audit scenario -- head A is grounding, commit B lands after the trigger -> ineligible for head B (issue \#278)
ok 318 - isEligibleForRepair: exact audit scenario -- head A is grounding, commit B lands after the trigger -> ineligible for head B (issue \#278)
  ---
  duration_ms: 0.1859
  ...
# Subtest: run: exact audit scenario -- a bare trigger grounded on head A must not be repaired or attempted against a later head B (issue \#278)
ok 319 - run: exact audit scenario -- a bare trigger grounded on head A must not be repaired or attempted against a later head B (issue \#278)
  ---
  duration_ms: 0.6239
  ...
# Subtest: findRepairableBareTrigger: skips an ineligible earlier bare trigger and picks a later, eligible one
ok 320 - findRepairableBareTrigger: skips an ineligible earlier bare trigger and picks a later, eligible one
  ---
  duration_ms: 0.2106
  ...
# Subtest: findRepairableBareTrigger: null when no candidate is eligible
ok 321 - findRepairableBareTrigger: null when no candidate is eligible
  ---
  duration_ms: 0.1354
  ...
# Subtest: run: exits 1 when required args are missing
ok 322 - run: exits 1 when required args are missing
  ---
  duration_ms: 0.2435
  ...
# Subtest: run: derives --head via ghPrViewImpl when omitted
ok 323 - run: derives --head via ghPrViewImpl when omitted
  ---
  duration_ms: 0.3779
  ...
# Subtest: run: exits 1 when head derivation fails
ok 324 - run: exits 1 when head derivation fails
  ---
  duration_ms: 0.415
  ...
# Subtest: run: no bare trigger, no marked trigger -> no repair, and never posts a trigger of its own (issue \#274's empirical finding: a bot-posted trigger only ever draws a Codex Cloud connector-setup reply, never a review)
ok 325 - run: no bare trigger, no marked trigger -> no repair, and never posts a trigger of its own (issue \#274's empirical finding: a bot-posted trigger only ever draws a Codex Cloud connector-setup reply, never a review)
  ---
  duration_ms: 0.1939
  ...
# Subtest: run: repairs a bare trigger by appending the current head's marker
ok 326 - run: repairs a bare trigger by appending the current head's marker
  ---
  duration_ms: 0.3082
  ...
# Subtest: run: does NOT repair a bare trigger posted before the current head's own commit (Stage 1 review finding on this PR, issue \#274)
ok 327 - run: does NOT repair a bare trigger posted before the current head's own commit (Stage 1 review finding on this PR, issue \#274)
  ---
  duration_ms: 0.2349
  ...
# Subtest: run: does not repair when a marked trigger for this head already exists
ok 328 - run: does not repair when a marked trigger for this head already exists
  ---
  duration_ms: 0.2247
  ...
# Subtest: run: does NOT repair a bare trigger onto a commit pushed after it, even when that commit is head (Stage 2 audit finding on issue \#278/\#274, merge commit 07b1215 -- the removed case (b): the trigger's response never saw this commit's content)
ok 329 - run: does NOT repair a bare trigger onto a commit pushed after it, even when that commit is head (Stage 2 audit finding on issue \#278/\#274, merge commit 07b1215 -- the removed case (b): the trigger's response never saw this commit's content)
  ---
  duration_ms: 0.2693
  ...
# Subtest: run: a fresh bare trigger posted after the head settles IS repairable -- the documented recovery path for the trigger above (issue \#278)
ok 330 - run: a fresh bare trigger posted after the head settles IS repairable -- the documented recovery path for the trigger above (issue \#278)
  ---
  duration_ms: 0.2789
  ...
# Subtest: run: does NOT repair when head has skipped past an earlier post-trigger commit (Stage 1 review finding \#1 on this PR)
ok 331 - run: does NOT repair when head has skipped past an earlier post-trigger commit (Stage 1 review finding \#1 on this PR)
  ---
  duration_ms: 0.2447
  ...
# Subtest: run: skips an ineligible old bare trigger and repairs a later, eligible one (Stage 1 review finding \#4 on this PR, issue \#274/\#276)
ok 332 - run: skips an ineligible old bare trigger and repairs a later, eligible one (Stage 1 review finding \#4 on this PR, issue \#274/\#276)
  ---
  duration_ms: 0.2554
  ...
# Subtest: run: merge-ready-gate PRE_MERGE_READY_NO_WORK_ISSUE -> ready
ok 333 - run: merge-ready-gate PRE_MERGE_READY_NO_WORK_ISSUE -> ready
  ---
  duration_ms: 0.2196
  ...
# Subtest: run: merge-ready-gate BLOCKED on stage1 NOT_REQUESTED -> not_requested, distinct from pending
ok 334 - run: merge-ready-gate BLOCKED on stage1 NOT_REQUESTED -> not_requested, distinct from pending
  ---
  duration_ms: 0.4096
  ...
# Subtest: run: merge-ready-gate BLOCKED on stage1 PENDING alone -> pending, not blocked
ok 335 - run: merge-ready-gate BLOCKED on stage1 PENDING alone -> pending, not blocked
  ---
  duration_ms: 0.1762
  ...
# Subtest: run: merge-ready-gate BLOCKED on a closing-reference violation -> blocked, not pending
ok 336 - run: merge-ready-gate BLOCKED on a closing-reference violation -> blocked, not pending
  ---
  duration_ms: 0.1884
  ...
# Subtest: run: merge-ready-gate operational error -> error, never ready
ok 337 - run: merge-ready-gate operational error -> error, never ready
  ---
  duration_ms: 0.3447
  ...
# Subtest: isCleanStage1Response: true for Codex's fixed clean-pass phrasing
ok 338 - isCleanStage1Response: true for Codex's fixed clean-pass phrasing
  ---
  duration_ms: 0.142
  ...
# Subtest: isCleanStage1Response: false for a finding-bearing review (reproduces LDL PR \#275's own 7 findings)
ok 339 - isCleanStage1Response: false for a finding-bearing review (reproduces LDL PR \#275's own 7 findings)
  ---
  duration_ms: 0.0942
  ...
# Subtest: isCleanStage1Response: false when RESPONSE_RECEIVED carries no matches at all
ok 340 - isCleanStage1Response: false when RESPONSE_RECEIVED carries no matches at all
  ---
  duration_ms: 0.0943
  ...
# Subtest: isCleanStage1Response: true for EXEMPT (a human already declared Stage 1 doesn't apply)
ok 341 - isCleanStage1Response: true for EXEMPT (a human already declared Stage 1 doesn't apply)
  ---
  duration_ms: 0.0948
  ...
# Subtest: isCleanStage1Response: false for PENDING/NOT_REQUESTED/undefined
ok 342 - isCleanStage1Response: false for PENDING/NOT_REQUESTED/undefined
  ---
  duration_ms: 0.0994
  ...
# Subtest: isCleanStage1Response: false when RESPONSE_RECEIVED carries a clean bound match but a non-empty unboundGenuineMatches
ok 343 - isCleanStage1Response: false when RESPONSE_RECEIVED carries a clean bound match but a non-empty unboundGenuineMatches
  ---
  duration_ms: 0.0922
  ...
# Subtest: isCleanStage1Response: true when unboundGenuineMatches is present but empty
ok 344 - isCleanStage1Response: true when unboundGenuineMatches is present but empty
  ---
  duration_ms: 0.0911
  ...
# Subtest: isCleanStage1Response: true for a single clean match with no ack (regression)
ok 345 - isCleanStage1Response: true for a single clean match with no ack (regression)
  ---
  duration_ms: 0.0957
  ...
# Subtest: isCleanStage1Response: false for a findings-bearing match alone (regression)
ok 346 - isCleanStage1Response: false for a findings-bearing match alone (regression)
  ---
  duration_ms: 0.1539
  ...
# Subtest: isCleanStage1Response: true for a generic ack/kickoff match followed by a clean-pass match
ok 347 - isCleanStage1Response: true for a generic ack/kickoff match followed by a clean-pass match
  ---
  duration_ms: 0.098
  ...
# Subtest: isCleanStage1Response: false for a generic ack/kickoff match followed by a findings-bearing match
ok 348 - isCleanStage1Response: false for a generic ack/kickoff match followed by a findings-bearing match
  ---
  duration_ms: 0.0968
  ...
# Subtest: isCleanStage1Response: false for a findings-bearing match whose body_excerpt begins with a leading newline (PR \#435's own live regression shape)
ok 349 - isCleanStage1Response: false for a findings-bearing match whose body_excerpt begins with a leading newline (PR \#435's own live regression shape)
  ---
  duration_ms: 0.158
  ...
# Subtest: isCleanStage1Response: true for a clean-pass match whose body_excerpt carries insignificant outer whitespace
ok 350 - isCleanStage1Response: true for a clean-pass match whose body_excerpt carries insignificant outer whitespace
  ---
  duration_ms: 0.1342
  ...
# Subtest: run: merge-ready-gate exit 0 with a finding-bearing Stage 1 response -> blocked, never ready (Stage 1 review finding on this PR, issue \#274)
ok 351 - run: merge-ready-gate exit 0 with a finding-bearing Stage 1 response -> blocked, never ready (Stage 1 review finding on this PR, issue \#274)
  ---
  duration_ms: 0.6188
  ...
# Subtest: run: merge-ready-gate exit 0 with clean bound matches but a non-empty unboundGenuineMatches -> blocked, never ready (Stage 1 review finding \#2 on this PR, issue \#274/\#276)
ok 352 - run: merge-ready-gate exit 0 with clean bound matches but a non-empty unboundGenuineMatches -> blocked, never ready (Stage 1 review finding \#2 on this PR, issue \#274/\#276)
  ---
  duration_ms: 0.1829
  ...
# Subtest: run: merge-ready-gate exit 0 with the clean Stage 1 phrasing -> ready
ok 353 - run: merge-ready-gate exit 0 with the clean Stage 1 phrasing -> ready
  ---
  duration_ms: 0.1996
  ...
# Subtest: run: a comments-read failure with --set-status true still publishes an error status, never leaving a stale prior status standing (Stage 1 review finding on this PR, issue \#274)
ok 354 - run: a comments-read failure with --set-status true still publishes an error status, never leaving a stale prior status standing (Stage 1 review finding on this PR, issue \#274)
  ---
  duration_ms: 0.247
  ...
# Subtest: run: --set-status true posts a commit status mapped from the composed result
ok 355 - run: --set-status true posts a commit status mapped from the composed result
  ---
  duration_ms: 0.2576
  ...
# Subtest: run: --set-status omitted never calls setStatusImpl
ok 356 - run: --set-status omitted never calls setStatusImpl
  ---
  duration_ms: 0.1515
  ...
# Subtest: run: a failure setting the commit status is reported as an error, not swallowed
ok 357 - run: a failure setting the commit status is reported as an error, not swallowed
  ---
  duration_ms: 0.3436
  ...
# Subtest: YouTubery \#98 regression: a bare human @codex review trigger with a genuine response is NOT_REQUESTED before repair
ok 358 - YouTubery \#98 regression: a bare human @codex review trigger with a genuine response is NOT_REQUESTED before repair
  ---
  duration_ms: 0.542
  ...
# Subtest: YouTubery \#98 regression: consumer-sync-gate's repair makes the same fixture RESPONSE_RECEIVED, via the real stage1-gate.mjs
ok 359 - YouTubery \#98 regression: consumer-sync-gate's repair makes the same fixture RESPONSE_RECEIVED, via the real stage1-gate.mjs
  ---
  duration_ms: 1.9466
  ...
# Subtest: run: a Codex Cloud connector-setup reply to a bare trigger stays NOT genuine, via the real stage1-gate.mjs (issue \#274, LDL PR \#275)
ok 360 - run: a Codex Cloud connector-setup reply to a bare trigger stays NOT genuine, via the real stage1-gate.mjs (issue \#274, LDL PR \#275)
  ---
  duration_ms: 0.3402
  ...
# Subtest: normalizeIssueNumber: accepts a bare integer and a '\#'-prefixed one
ok 361 - normalizeIssueNumber: accepts a bare integer and a '\#'-prefixed one
  ---
  duration_ms: 1.1917
  ...
# Subtest: normalizeIssueNumber: rejects non-numeric input (Stage 1 review finding on PR \#186)
ok 362 - normalizeIssueNumber: rejects non-numeric input (Stage 1 review finding on PR \#186)
  ---
  duration_ms: 0.1244
  ...
# Subtest: normalizeIssueNumber: rejects 0 and \#0 (Stage 2 audit finding on issue \#187)
ok 363 - normalizeIssueNumber: rejects 0 and \#0 (Stage 2 audit finding on issue \#187)
  ---
  duration_ms: 0.1232
  ...
# Subtest: isNoWorkIssueSentinel: matches only the literal, case-insensitive 'none'
ok 364 - isNoWorkIssueSentinel: matches only the literal, case-insensitive 'none'
  ---
  duration_ms: 0.1248
  ...
# Subtest: isNoWorkIssueSentinel: does not treat an omitted/empty/non-'none' value as the sentinel
ok 365 - isNoWorkIssueSentinel: does not treat an omitted/empty/non-'none' value as the sentinel
  ---
  duration_ms: 0.1205
  ...
# Subtest: findClosingKeywordMatch: matches Fixes \#N (the PR \#154 regression case)
ok 366 - findClosingKeywordMatch: matches Fixes \#N (the PR \#154 regression case)
  ---
  duration_ms: 0.3696
  ...
# Subtest: findClosingKeywordMatch: matches every documented closing keyword and case variant
ok 367 - findClosingKeywordMatch: matches every documented closing keyword and case variant
  ---
  duration_ms: 0.3584
  ...
# Subtest: findClosingKeywordMatch: does not match a non-closing reference (Addresses/Implements)
ok 368 - findClosingKeywordMatch: does not match a non-closing reference (Addresses/Implements)
  ---
  duration_ms: 0.1193
  ...
# Subtest: findClosingKeywordMatch: does not match a longer issue number sharing a prefix
ok 369 - findClosingKeywordMatch: does not match a longer issue number sharing a prefix
  ---
  duration_ms: 0.2219
  ...
# Subtest: findClosingKeywordMatch: matches with a colon between keyword and number
ok 370 - findClosingKeywordMatch: matches with a colon between keyword and number
  ---
  duration_ms: 0.1902
  ...
# Subtest: findClosingKeywordMatch: returns null for empty/undefined text
ok 371 - findClosingKeywordMatch: returns null for empty/undefined text
  ---
  duration_ms: 0.1809
  ...
# Subtest: findClosingKeywordMatch: matches a repository-qualified closing reference (Stage 1 review finding on PR \#186)
ok 372 - findClosingKeywordMatch: matches a repository-qualified closing reference (Stage 1 review finding on PR \#186)
  ---
  duration_ms: 0.1326
  ...
# Subtest: findClosingKeywordMatch: a qualified reference to a different repository does not match this repo's issue
ok 373 - findClosingKeywordMatch: a qualified reference to a different repository does not match this repo's issue
  ---
  duration_ms: 0.1113
  ...
# Subtest: findClosingKeywordMatch: without a repo argument, a qualified reference still matches (fails closed)
ok 374 - findClosingKeywordMatch: without a repo argument, a qualified reference still matches (fails closed)
  ---
  duration_ms: 0.1633
  ...
# Subtest: findClosingKeywordMatch: finds a same-repo match even when an earlier different-repo match precedes it
ok 375 - findClosingKeywordMatch: finds a same-repo match even when an earlier different-repo match precedes it
  ---
  duration_ms: 0.117
  ...
# Subtest: parseFormField: reads the first non-blank line under a heading
ok 376 - parseFormField: reads the first non-blank line under a heading
  ---
  duration_ms: 0.2299
  ...
# Subtest: parseFormField: returns null when the heading is absent
ok 377 - parseFormField: returns null when the heading is absent
  ---
  duration_ms: 0.1183
  ...
# Subtest: parseFormField: anchors to the last matching heading, not an embedded example earlier in the body (Stage 1 review finding on PR \#186)
ok 378 - parseFormField: anchors to the last matching heading, not an embedded example earlier in the body (Stage 1 review finding on PR \#186)
  ---
  duration_ms: 0.213
  ...
# Subtest: parseStage2Verdict: accepts PENDING, CLEAN, and NOT CLEAN
ok 379 - parseStage2Verdict: accepts PENDING, CLEAN, and NOT CLEAN
  ---
  duration_ms: 0.203
  ...
# Subtest: parseStage2Verdict: returns null for a missing or malformed field
ok 380 - parseStage2Verdict: returns null for a missing or malformed field
  ---
  duration_ms: 0.1092
  ...
# Subtest: parseStage2Verdict: an embedded 'CLEAN' inside the Findings field does not read as the real verdict (Stage 1 review finding on PR \#186)
ok 381 - parseStage2Verdict: an embedded 'CLEAN' inside the Findings field does not read as the real verdict (Stage 1 review finding on PR \#186)
  ---
  duration_ms: 0.1562
  ...
# Subtest: parseWorkIssueRef: reads \#N, bare N, and a trailing issue URL
ok 382 - parseWorkIssueRef: reads \#N, bare N, and a trailing issue URL
  ---
  duration_ms: 0.2462
  ...
# Subtest: parseWorkIssueRef: returns null when the field is absent
ok 383 - parseWorkIssueRef: returns null when the field is absent
  ---
  duration_ms: 0.121
  ...
# Subtest: parseWorkIssueRef: reads a deliberately typed 'none'/'n/a' as the explicit no-work-issue state (issue \#190), case-insensitively
ok 384 - parseWorkIssueRef: reads a deliberately typed 'none'/'n/a' as the explicit no-work-issue state (issue \#190), case-insensitively
  ---
  duration_ms: 0.0988
  ...
# Subtest: parseMergeCommitRef: reads the Exact merge commit field
ok 385 - parseMergeCommitRef: reads the Exact merge commit field
  ---
  duration_ms: 0.1819
  ...
# Subtest: parseMergeCommitRef: returns null when the field is absent
ok 386 - parseMergeCommitRef: returns null when the field is absent
  ---
  duration_ms: 0.0955
  ...
# Subtest: parseMergeCommitRef: extracts the SHA out of backticks and trailing annotation (the real shape issue \#95's audit used)
ok 387 - parseMergeCommitRef: extracts the SHA out of backticks and trailing annotation (the real shape issue \#95's audit used)
  ---
  duration_ms: 0.1284
  ...
# Subtest: parseReviewedHeadCommitRef: reads the real issue \#330 'Stage 1 inline review disposition' field text
ok 388 - parseReviewedHeadCommitRef: reads the real issue \#330 'Stage 1 inline review disposition' field text
  ---
  duration_ms: 0.257
  ...
# Subtest: parseReviewedHeadCommitRef: reads the real issue \#334 'Stage 1 inline review disposition' field text
ok 389 - parseReviewedHeadCommitRef: reads the real issue \#334 'Stage 1 inline review disposition' field text
  ---
  duration_ms: 0.6955
  ...
# Subtest: parseReviewedHeadCommitRef: returns null when the field is absent
ok 390 - parseReviewedHeadCommitRef: returns null when the field is absent
  ---
  duration_ms: 0.1067
  ...
# Subtest: parseReviewedHeadCommitRef: returns null when the field is present but does not contain the 'frozen ... head `<sha>`' phrase (malformed/unparseable trusted target metadata must fail closed to null, not guess)
ok 391 - parseReviewedHeadCommitRef: returns null when the field is present but does not contain the 'frozen ... head `<sha>`' phrase (malformed/unparseable trusted target metadata must fail closed to null, not guess)
  ---
  duration_ms: 0.1613
  ...
# Subtest: parseReviewedHeadCommitRef: does not match an unrelated SHA-looking token elsewhere in the block when no 'frozen ... head' phrase precedes it
ok 392 - parseReviewedHeadCommitRef: does not match an unrelated SHA-looking token elsewhere in the block when no 'frozen ... head' phrase precedes it
  ---
  duration_ms: 0.2441
  ...
# Subtest: parseReviewedHeadCommitRef: tolerates extra words between 'frozen' and 'head' (e.g. 'frozen Stage 1 reviewed head')
ok 393 - parseReviewedHeadCommitRef: tolerates extra words between 'frozen' and 'head' (e.g. 'frozen Stage 1 reviewed head')
  ---
  duration_ms: 0.1696
  ...
# Subtest: parseWorkIssueRef: does NOT treat GitHub's own '_No response_' marker as the no-work-issue sentinel (Stage 1 review finding on PR \#197)
ok 394 - parseWorkIssueRef: does NOT treat GitHub's own '_No response_' marker as the no-work-issue sentinel (Stage 1 review finding on PR \#197)
  ---
  duration_ms: 0.0974
  ...
# Subtest: parseFormFieldBlock: reads every line under a heading, not just the first
ok 395 - parseFormFieldBlock: reads every line under a heading, not just the first
  ---
  duration_ms: 0.1114
  ...
# Subtest: parseFormFieldBlock: returns null when the heading is absent, empty, or '_No response_'
ok 396 - parseFormFieldBlock: returns null when the heading is absent, empty, or '_No response_'
  ---
  duration_ms: 0.1953
  ...
# Subtest: parseFormFieldBlock: anchors to the FIRST matching heading — the opposite of parseFormField's last-match convention (Stage 1 review finding on this PR)
ok 397 - parseFormFieldBlock: anchors to the FIRST matching heading — the opposite of parseFormField's last-match convention (Stage 1 review finding on this PR)
  ---
  duration_ms: 0.1184
  ...
# Subtest: parseVerificationChecklistRef: reads the audit-control-issue template's Verification checklist field
ok 398 - parseVerificationChecklistRef: reads the audit-control-issue template's Verification checklist field
  ---
  duration_ms: 0.1032
  ...
# Subtest: checkMergeReady: exits 1 when required args are missing
ok 399 - checkMergeReady: exits 1 when required args are missing
  ---
  duration_ms: 0.3185
  ...
# Subtest: checkMergeReady: exits 1 when --issue is not numeric (Stage 1 review finding on PR \#186)
ok 400 - checkMergeReady: exits 1 when --issue is not numeric (Stage 1 review finding on PR \#186)
  ---
  duration_ms: 0.1156
  ...
# Subtest: checkMergeReady: exits 1 (not MERGE_READY) when --issue is 0 (Stage 2 audit finding on issue \#187)
ok 401 - checkMergeReady: exits 1 (not MERGE_READY) when --issue is 0 (Stage 2 audit finding on issue \#187)
  ---
  duration_ms: 0.1186
  ...
# Subtest: checkMergeReady: accepts a '\#'-prefixed --issue and still detects the closing reference
ok 402 - checkMergeReady: accepts a '\#'-prefixed --issue and still detects the closing reference
  ---
  duration_ms: 0.7493
  ...
# Subtest: checkMergeReady: BLOCKED — a PR-body closing keyword surfaced via closingIssuesReferences (verification \#3)
ok 403 - checkMergeReady: BLOCKED — a PR-body closing keyword surfaced via closingIssuesReferences (verification \#3)
  ---
  duration_ms: 0.2351
  ...
# Subtest: checkMergeReady: BLOCKED — a Development-sidebar closing reference, same field as PR-body keywords (verification \#4)
ok 404 - checkMergeReady: BLOCKED — a Development-sidebar closing reference, same field as PR-body keywords (verification \#4)
  ---
  duration_ms: 0.1577
  ...
# Subtest: checkMergeReady: MERGE_READY — a same-numbered issue in a different repository does not block (Stage 1 review finding on PR \#186)
ok 405 - checkMergeReady: MERGE_READY — a same-numbered issue in a different repository does not block (Stage 1 review finding on PR \#186)
  ---
  duration_ms: 0.175
  ...
# Subtest: checkMergeReady: BLOCKED — a closing keyword in a commit message (verification \#5)
ok 406 - checkMergeReady: BLOCKED — a closing keyword in a commit message (verification \#5)
  ---
  duration_ms: 0.1516
  ...
# Subtest: checkMergeReady: BLOCKED — a repository-qualified closing keyword in a commit message (Stage 1 review finding on PR \#186)
ok 407 - checkMergeReady: BLOCKED — a repository-qualified closing keyword in a commit message (Stage 1 review finding on PR \#186)
  ---
  duration_ms: 0.1239
  ...
# Subtest: checkMergeReady: MERGE_READY — only non-closing references are present (verification \#6)
ok 408 - checkMergeReady: MERGE_READY — only non-closing references are present (verification \#6)
  ---
  duration_ms: 0.1803
  ...
# Subtest: checkMergeReady: reproduces the YouTubery PR \#19 failure — an undefined --issue fails closed, not MERGE_READY
ok 409 - checkMergeReady: reproduces the YouTubery PR \#19 failure — an undefined --issue fails closed, not MERGE_READY
  ---
  duration_ms: 0.1051
  ...
# Subtest: checkMergeReady: MERGE_READY_NO_WORK_ISSUE — '--issue none' skips the closing-reference check without inspecting any issue
ok 410 - checkMergeReady: MERGE_READY_NO_WORK_ISSUE — '--issue none' skips the closing-reference check without inspecting any issue
  ---
  duration_ms: 0.1173
  ...
# Subtest: checkMergeReady: MERGE_READY_NO_WORK_ISSUE still requires --repo and --pr
ok 411 - checkMergeReady: MERGE_READY_NO_WORK_ISSUE still requires --repo and --pr
  ---
  duration_ms: 0.0935
  ...
# Subtest: checkMergeReady: MERGE_READY — a closing reference to a different issue does not block this one
ok 412 - checkMergeReady: MERGE_READY — a closing reference to a different issue does not block this one
  ---
  duration_ms: 0.1575
  ...
# Subtest: checkPostAudit: exits 1 when required args are missing
ok 413 - checkPostAudit: exits 1 when required args are missing
  ---
  duration_ms: 0.3575
  ...
# Subtest: checkPostAudit: exits 1 when the audit issue has no Work issue field
ok 414 - checkPostAudit: exits 1 when the audit issue has no Work issue field
  ---
  duration_ms: 0.1591
  ...
# Subtest: checkPostAudit: exits 1 (operational error, not ACCEPTED_NO_WORK_ISSUE) when Work issue renders GitHub's '_No response_' marker (Stage 1 review finding on PR \#197)
ok 415 - checkPostAudit: exits 1 (operational error, not ACCEPTED_NO_WORK_ISSUE) when Work issue renders GitHub's '_No response_' marker (Stage 1 review finding on PR \#197)
  ---
  duration_ms: 0.1337
  ...
# Subtest: checkPostAudit: OK — work issue open, verdict PENDING (verification \#8)
ok 416 - checkPostAudit: OK — work issue open, verdict PENDING (verification \#8)
  ---
  duration_ms: 0.4868
  ...
# Subtest: checkPostAudit: OK — work issue open, verdict NOT CLEAN (verification \#9)
ok 417 - checkPostAudit: OK — work issue open, verdict NOT CLEAN (verification \#9)
  ---
  duration_ms: 0.253
  ...
# Subtest: checkPostAudit: READY_TO_CLOSE — verdict CLEAN backed by a completed audit report, work issue still open (verification \#10)
ok 418 - checkPostAudit: READY_TO_CLOSE — verdict CLEAN backed by a completed audit report, work issue still open (verification \#10)
  ---
  duration_ms: 3.9212
  ...
# Subtest: checkPostAudit: READY_TO_CLOSE — a response's checklist walk-through meeting the audit issue's own requested item count is trusted (issue \#268 finding 2)
ok 419 - checkPostAudit: READY_TO_CLOSE — a response's checklist walk-through meeting the audit issue's own requested item count is trusted (issue \#268 finding 2)
  ---
  duration_ms: 0.9332
  ...
# Subtest: checkPostAudit: a CLEAN dropdown backed only by a response whose checklist walk-through is shorter than the audit issue's own requested checklist is not trusted (issue \#268 finding 2)
ok 420 - checkPostAudit: a CLEAN dropdown backed only by a response whose checklist walk-through is shorter than the audit issue's own requested checklist is not trusted (issue \#268 finding 2)
  ---
  duration_ms: 0.4187
  ...
# Subtest: checkPostAudit: a CLEAN dropdown with no genuine post-trigger response is not trusted (Stage 1 review finding on PR \#186)
ok 421 - checkPostAudit: a CLEAN dropdown with no genuine post-trigger response is not trusted (Stage 1 review finding on PR \#186)
  ---
  duration_ms: 0.2022
  ...
# Subtest: checkPostAudit: a CLEAN dropdown backed only by the exact \#229 kickoff-and-task-link reply is not trusted (issue \#230's reproduced defect)
ok 422 - checkPostAudit: a CLEAN dropdown backed only by the exact \#229 kickoff-and-task-link reply is not trusted (issue \#230's reproduced defect)
  ---
  duration_ms: 0.386
  ...
# Subtest: checkPostAudit: a bounded follow-up report after the kickoff is still discoverable and backs CLEAN
ok 423 - checkPostAudit: a bounded follow-up report after the kickoff is still discoverable and backs CLEAN
  ---
  duration_ms: 0.45
  ...
# Subtest: checkPostAudit: a response citing only the audit issue's trusted frozen reviewed head (never the merge commit) is still NOT backed, even with an otherwise-complete checklist
ok 424 - checkPostAudit: a response citing only the audit issue's trusted frozen reviewed head (never the merge commit) is still NOT backed, even with an otherwise-complete checklist
  ---
  duration_ms: 0.4874
  ...
# Subtest: checkPostAudit: a response naming an INCORRECT merge commit while also citing the correct trusted reviewed head is still NOT backed end to end
ok 425 - checkPostAudit: a response naming an INCORRECT merge commit while also citing the correct trusted reviewed head is still NOT backed end to end
  ---
  duration_ms: 0.3735
  ...
# Subtest: checkPostAudit: reproduces issue \#334's exact live shape end to end — stays correctly unbacked: target identity fails (no merge-commit citation) and checklist completeness independently fails (11 requested, 4 shown)
ok 426 - checkPostAudit: reproduces issue \#334's exact live shape end to end — stays correctly unbacked: target identity fails (no merge-commit citation) and checklist completeness independently fails (11 requested, 4 shown)
  ---
  duration_ms: 1.6811
  ...
# Subtest: checkPostAudit: a completed report addressing the wrong merge commit does not back CLEAN
ok 427 - checkPostAudit: a completed report addressing the wrong merge commit does not back CLEAN
  ---
  duration_ms: 0.3431
  ...
# Subtest: checkPostAudit: a completed report whose own verdict disagrees with the CLEAN dropdown does not back CLEAN
ok 428 - checkPostAudit: a completed report whose own verdict disagrees with the CLEAN dropdown does not back CLEAN
  ---
  duration_ms: 0.2394
  ...
# Subtest: checkPostAudit: PREMATURE_CLOSURE — work issue closed and the recorded CLEAN has no genuine response behind it
ok 429 - checkPostAudit: PREMATURE_CLOSURE — work issue closed and the recorded CLEAN has no genuine response behind it
  ---
  duration_ms: 0.2461
  ...
# Subtest: checkPostAudit: PREMATURE_CLOSURE — work issue closed and the recorded CLEAN is backed only by the \#229 kickoff reply
ok 430 - checkPostAudit: PREMATURE_CLOSURE — work issue closed and the recorded CLEAN is backed only by the \#229 kickoff reply
  ---
  duration_ms: 0.3687
  ...
# Subtest: checkPostAudit: OK — verdict CLEAN (backed) and work issue already closed
ok 431 - checkPostAudit: OK — verdict CLEAN (backed) and work issue already closed
  ---
  duration_ms: 0.2982
  ...
# Subtest: checkPostAudit: OK — a pre-contract terse CLEAN response is preserved (not PREMATURE_CLOSURE) when the work issue is already closed
ok 432 - checkPostAudit: OK — a pre-contract terse CLEAN response is preserved (not PREMATURE_CLOSURE) when the work issue is already closed
  ---
  duration_ms: 0.3137
  ...
# Subtest: checkPostAudit: the legacy-compatibility fallback does not apply to an open work issue — a terse legacy-shaped response cannot authorize a new closure
ok 433 - checkPostAudit: the legacy-compatibility fallback does not apply to an open work issue — a terse legacy-shaped response cannot authorize a new closure
  ---
  duration_ms: 0.2805
  ...
# Subtest: checkPostAudit: the legacy-compatibility fallback still rejects a closed work issue's response addressing the wrong commit
ok 434 - checkPostAudit: the legacy-compatibility fallback still rejects a closed work issue's response addressing the wrong commit
  ---
  duration_ms: 0.243
  ...
# Subtest: checkPostAudit: a later, fully complete NOT CLEAN report is never outranked by an older grandfathered CLEAN response (Stage 1 review finding on PR \#234)
ok 435 - checkPostAudit: a later, fully complete NOT CLEAN report is never outranked by an older grandfathered CLEAN response (Stage 1 review finding on PR \#234)
  ---
  duration_ms: 0.3284
  ...
# Subtest: checkPostAudit: a post-contract terse CLEAN response on a closed work issue is NOT preserved by the legacy fallback (Stage 2 audit finding on PR \#231, issue \#233)
ok 436 - checkPostAudit: a post-contract terse CLEAN response on a closed work issue is NOT preserved by the legacy fallback (Stage 2 audit finding on PR \#231, issue \#233)
  ---
  duration_ms: 0.2077
  ...
# Subtest: checkPostAudit: PREMATURE_CLOSURE — work issue closed with no CLEAN verdict (verification \#11, the PR \#154/\#151 regression)
ok 437 - checkPostAudit: PREMATURE_CLOSURE — work issue closed with no CLEAN verdict (verification \#11, the PR \#154/\#151 regression)
  ---
  duration_ms: 0.5684
  ...
# Subtest: checkPostAudit: PREMATURE_CLOSURE — work issue closed and verdict is NOT CLEAN
ok 438 - checkPostAudit: PREMATURE_CLOSURE — work issue closed and verdict is NOT CLEAN
  ---
  duration_ms: 0.1432
  ...
# Subtest: checkPostAudit: OK — no work issue, verdict PENDING; no implementation issue is fetched
ok 439 - checkPostAudit: OK — no work issue, verdict PENDING; no implementation issue is fetched
  ---
  duration_ms: 0.2114
  ...
# Subtest: checkPostAudit: OK — no work issue, verdict NOT CLEAN, remains non-accepted
ok 440 - checkPostAudit: OK — no work issue, verdict NOT CLEAN, remains non-accepted
  ---
  duration_ms: 0.1352
  ...
# Subtest: checkPostAudit: no work issue, CLEAN dropdown with no genuine response is not trusted
ok 441 - checkPostAudit: no work issue, CLEAN dropdown with no genuine response is not trusted
  ---
  duration_ms: 0.1875
  ...
# Subtest: checkPostAudit: ACCEPTED_NO_WORK_ISSUE — a genuine backed CLEAN verdict with no work issue, no issue-close action attempted
ok 442 - checkPostAudit: ACCEPTED_NO_WORK_ISSUE — a genuine backed CLEAN verdict with no work issue, no issue-close action attempted
  ---
  duration_ms: 0.2109
  ...
# Subtest: checkPostAudit: the audit issue and work issue are read as distinct issues, never confused (verification \#12)
ok 443 - checkPostAudit: the audit issue and work issue are read as distinct issues, never confused (verification \#12)
  ---
  duration_ms: 0.6089
  ...
# Subtest: checkPostAudit: REPORT_READY_TO_RECORD — work issue open, Verdict PENDING, a completed CLEAN report already exists (verification \#1)
ok 444 - checkPostAudit: REPORT_READY_TO_RECORD — work issue open, Verdict PENDING, a completed CLEAN report already exists (verification \#1)
  ---
  duration_ms: 0.2273
  ...
# Subtest: checkPostAudit: REPORT_READY_TO_RECORD — work issue open, Verdict PENDING, a completed NOT CLEAN report already exists (verification \#2)
ok 445 - checkPostAudit: REPORT_READY_TO_RECORD — work issue open, Verdict PENDING, a completed NOT CLEAN report already exists (verification \#2)
  ---
  duration_ms: 0.2233
  ...
# Subtest: checkPostAudit: REPORT_READY_TO_RECORD — malformed/missing Verdict field (parses to null) is treated the same as PENDING
ok 446 - checkPostAudit: REPORT_READY_TO_RECORD — malformed/missing Verdict field (parses to null) is treated the same as PENDING
  ---
  duration_ms: 0.2376
  ...
# Subtest: checkPostAudit: REPORT_READY_TO_RECORD — the explicit no-work-issue state also detects unrecorded completed evidence
ok 447 - checkPostAudit: REPORT_READY_TO_RECORD — the explicit no-work-issue state also detects unrecorded completed evidence
  ---
  duration_ms: 0.1983
  ...
# Subtest: checkPostAudit: PENDING + no response at all stays true NO_ACTION_YET-shaped OK, not REPORT_READY_TO_RECORD (verification \#3)
ok 448 - checkPostAudit: PENDING + no response at all stays true NO_ACTION_YET-shaped OK, not REPORT_READY_TO_RECORD (verification \#3)
  ---
  duration_ms: 0.408
  ...
# Subtest: checkPostAudit: PENDING + only the exact \#229 kickoff/progress-only response stays ordinary waiting, not RESPONSE_UNUSABLE (issue \#447 Stage 1 correction; founder-required regression)
ok 449 - checkPostAudit: PENDING + only the exact \#229 kickoff/progress-only response stays ordinary waiting, not RESPONSE_UNUSABLE (issue \#447 Stage 1 correction; founder-required regression)
  ---
  duration_ms: 0.2079
  ...
# Subtest: checkPostAudit: RESPONSE_UNUSABLE — PENDING + a genuine substantive-but-incomplete response is not promoted, and is no longer mistaken for ordinary waiting (issue \#447; verification \#4/\#5)
ok 450 - checkPostAudit: RESPONSE_UNUSABLE — PENDING + a genuine substantive-but-incomplete response is not promoted, and is no longer mistaken for ordinary waiting (issue \#447; verification \#4/\#5)
  ---
  duration_ms: 0.2696
  ...
# Subtest: checkPostAudit: RESPONSE_UNUSABLE — a \#229-shaped kickoff followed by a later genuine, non-progress, substantive-but-incomplete reply still resolves RESPONSE_UNUSABLE (issue \#447 Stage 1 correction; founder-required regression)
ok 451 - checkPostAudit: RESPONSE_UNUSABLE — a \#229-shaped kickoff followed by a later genuine, non-progress, substantive-but-incomplete reply still resolves RESPONSE_UNUSABLE (issue \#447 Stage 1 correction; founder-required regression)
  ---
  duration_ms: 0.2837
  ...
# Subtest: checkPostAudit: RESPONSE_UNUSABLE — PENDING + a completed-looking response addressing the wrong merge commit is not promoted, and is no longer mistaken for ordinary waiting (issue \#447; verification \#5)
ok 452 - checkPostAudit: RESPONSE_UNUSABLE — PENDING + a completed-looking response addressing the wrong merge commit is not promoted, and is no longer mistaken for ordinary waiting (issue \#447; verification \#5)
  ---
  duration_ms: 0.2126
  ...
# Subtest: checkPostAudit: RESPONSE_UNUSABLE — PENDING + a completed-looking response whose checklist walk-through is shorter than requested is not promoted, and is no longer mistaken for ordinary waiting (issue \#447; verification \#5)
ok 453 - checkPostAudit: RESPONSE_UNUSABLE — PENDING + a completed-looking response whose checklist walk-through is shorter than requested is not promoted, and is no longer mistaken for ordinary waiting (issue \#447; verification \#5)
  ---
  duration_ms: 0.2883
  ...
# Subtest: checkPostAudit: a settled NOT CLEAN dropdown is unaffected by this fix — its existing branch is never re-checked for report evidence
ok 454 - checkPostAudit: a settled NOT CLEAN dropdown is unaffected by this fix — its existing branch is never re-checked for report evidence
  ---
  duration_ms: 0.1515
  ...
# Subtest: checkPostAudit: PREMATURE_CLOSURE still fires unchanged for a closed work issue with an unrecorded PENDING verdict, even when a completed report exists (this fix narrows only the open-work-issue OK fallthrough)
ok 455 - checkPostAudit: PREMATURE_CLOSURE still fires unchanged for a closed work issue with an unrecorded PENDING verdict, even when a completed report exists (this fix narrows only the open-work-issue OK fallthrough)
  ---
  duration_ms: 0.1438
  ...
# Subtest: checkPostAudit: reproduces the live \#408/\#436 regression — a genuinely completed CLEAN report at PENDING resolves to REPORT_READY_TO_RECORD, not NO_ACTION_YET-shaped OK
ok 456 - checkPostAudit: reproduces the live \#408/\#436 regression — a genuinely completed CLEAN report at PENDING resolves to REPORT_READY_TO_RECORD, not NO_ACTION_YET-shaped OK
  ---
  duration_ms: 1.7031
  ...
# Subtest: checkPostAudit: reproduces live \#446 — a genuine terse bot CLEAN reply alongside a detailed non-bot report resolves to RESPONSE_UNUSABLE, never accepting the non-bot report as assurance
ok 457 - checkPostAudit: reproduces live \#446 — a genuine terse bot CLEAN reply alongside a detailed non-bot report resolves to RESPONSE_UNUSABLE, never accepting the non-bot report as assurance
  ---
  duration_ms: 0.7636
  ...
# Subtest: checkPostAudit: reproduces live \#380's first round — the same split-provenance/incomplete-response classification as \#446 applies without special-casing issue numbers
ok 458 - checkPostAudit: reproduces live \#380's first round — the same split-provenance/incomplete-response classification as \#446 applies without special-casing issue numbers
  ---
  duration_ms: 0.5959
  ...
# Subtest: checkPostAudit: the explicit no-work-issue state stays ordinary waiting for a bare \#229 kickoff, not RESPONSE_UNUSABLE (issue \#447 Stage 1 correction)
ok 459 - checkPostAudit: the explicit no-work-issue state stays ordinary waiting for a bare \#229 kickoff, not RESPONSE_UNUSABLE (issue \#447 Stage 1 correction)
  ---
  duration_ms: 0.2257
  ...
# Subtest: checkPostAudit: RESPONSE_UNUSABLE — the explicit no-work-issue state also distinguishes a genuine substantive-but-unusable response from true waiting
ok 460 - checkPostAudit: RESPONSE_UNUSABLE — the explicit no-work-issue state also distinguishes a genuine substantive-but-unusable response from true waiting
  ---
  duration_ms: 0.1903
  ...
# Subtest: checkPostAudit: a non-genuine-only response (BLOCKED) stays true state-A waiting, never RESPONSE_UNUSABLE
ok 461 - checkPostAudit: a non-genuine-only response (BLOCKED) stays true state-A waiting, never RESPONSE_UNUSABLE
  ---
  duration_ms: 0.2264
  ...
# Subtest: checkPostAudit: idempotent — re-evaluating RESPONSE_UNUSABLE against unchanged durable evidence reports the same state with no mutation performed
ok 462 - checkPostAudit: idempotent — re-evaluating RESPONSE_UNUSABLE against unchanged durable evidence reports the same state with no mutation performed
  ---
  duration_ms: 0.2682
  ...
# Subtest: checkPostAudit: idempotent — re-evaluating a bare \#229 kickoff against unchanged durable evidence stays ordinary waiting every time, no mutation, retrigger, or poll side effect
ok 463 - checkPostAudit: idempotent — re-evaluating a bare \#229 kickoff against unchanged durable evidence stays ordinary waiting every time, no mutation, retrigger, or poll side effect
  ---
  duration_ms: 0.2451
  ...
# Subtest: checkPostAudit: late recovery — once a genuine complete bot report lands after the unusable one, the very next evaluation reports REPORT_READY_TO_RECORD instead
ok 464 - checkPostAudit: late recovery — once a genuine complete bot report lands after the unusable one, the very next evaluation reports REPORT_READY_TO_RECORD instead
  ---
  duration_ms: 0.338
  ...
# Subtest: recoverPrematureClosure: reopens the work issue and records why
ok 465 - recoverPrematureClosure: reopens the work issue and records why
  ---
  duration_ms: 0.2108
  ...
# Subtest: recoverPrematureClosure: reports a BLOCKED handoff instead of silently accepting the premature closure when reopen fails
ok 466 - recoverPrematureClosure: reports a BLOCKED handoff instead of silently accepting the premature closure when reopen fails
  ---
  duration_ms: 0.2705
  ...
# Subtest: recoverPrematureClosure: a reopen that succeeds but a comment that fails still reports the issue as recovered (Stage 1 review finding on PR \#186)
ok 467 - recoverPrematureClosure: a reopen that succeeds but a comment that fails still reports the issue as recovered (Stage 1 review finding on PR \#186)
  ---
  duration_ms: 0.1699
  ...
# Subtest: parseArgs: reads flags including a hyphenated flag name
ok 468 - parseArgs: reads flags including a hyphenated flag name
  ---
  duration_ms: 0.1153
  ...
# Subtest: replaceVerdictField: replaces the first non-blank line under the LAST matching '\#\#\# Verdict' heading, the same anchor parseFormField reads
ok 469 - replaceVerdictField: replaces the first non-blank line under the LAST matching '\#\#\# Verdict' heading, the same anchor parseFormField reads
  ---
  duration_ms: 0.1578
  ...
# Subtest: replaceVerdictField: anchors to the LAST heading, not an earlier quoted example (mirrors parseFormField's own anchor)
ok 470 - replaceVerdictField: anchors to the LAST heading, not an earlier quoted example (mirrors parseFormField's own anchor)
  ---
  duration_ms: 0.0911
  ...
# Subtest: replaceVerdictField: repairs a missing '\#\#\# Verdict' heading by appending a fresh section, preserving every existing section verbatim
ok 471 - replaceVerdictField: repairs a missing '\#\#\# Verdict' heading by appending a fresh section, preserving every existing section verbatim
  ---
  duration_ms: 0.153
  ...
# Subtest: replaceVerdictField: repairs a missing '\#\#\# Verdict' heading against an empty body
ok 472 - replaceVerdictField: repairs a missing '\#\#\# Verdict' heading against an empty body
  ---
  duration_ms: 0.1126
  ...
# Subtest: replaceVerdictField: repairs an empty '\#\#\# Verdict' field (heading present, no non-blank value line before the next heading) by inserting the value, preserving neighboring sections
ok 473 - replaceVerdictField: repairs an empty '\#\#\# Verdict' field (heading present, no non-blank value line before the next heading) by inserting the value, preserving neighboring sections
  ---
  duration_ms: 0.1017
  ...
# Subtest: replaceVerdictField: repairs an empty '\#\#\# Verdict' field at the very end of the body (heading present, nothing but blank lines follow)
ok 474 - replaceVerdictField: repairs an empty '\#\#\# Verdict' field at the very end of the body (heading present, nothing but blank lines follow)
  ---
  duration_ms: 0.1009
  ...
# Subtest: checkRecordVerdict: exits 1 when required args are missing
ok 475 - checkRecordVerdict: exits 1 when required args are missing
  ---
  duration_ms: 0.2531
  ...
# Subtest: checkRecordVerdict: RECORDED — promotes a completed CLEAN report over a PENDING dropdown, posting one explanatory comment
ok 476 - checkRecordVerdict: RECORDED — promotes a completed CLEAN report over a PENDING dropdown, posting one explanatory comment
  ---
  duration_ms: 0.3894
  ...
# Subtest: checkRecordVerdict: RECORDED — promotes a completed NOT CLEAN report over a PENDING dropdown
ok 477 - checkRecordVerdict: RECORDED — promotes a completed NOT CLEAN report over a PENDING dropdown
  ---
  duration_ms: 0.6964
  ...
# Subtest: checkRecordVerdict: RECORDED — repairs a completely missing '\#\#\# Verdict' heading rather than exiting 1
ok 478 - checkRecordVerdict: RECORDED — repairs a completely missing '\#\#\# Verdict' heading rather than exiting 1
  ---
  duration_ms: 0.3633
  ...
# Subtest: checkRecordVerdict: RECORDED — repairs an empty '\#\#\# Verdict' field (heading present, no value) rather than exiting 1
ok 479 - checkRecordVerdict: RECORDED — repairs an empty '\#\#\# Verdict' field (heading present, no value) rather than exiting 1
  ---
  duration_ms: 0.3313
  ...
# Subtest: checkRecordVerdict: no completed report exists yet — passes checkPostAudit's own OK result through unchanged, no mutation attempted
ok 480 - checkRecordVerdict: no completed report exists yet — passes checkPostAudit's own OK result through unchanged, no mutation attempted
  ---
  duration_ms: 0.18
  ...
# Subtest: checkRecordVerdict: idempotent rerun after a prior RECORDED — reaches the existing post-audit transition (READY_TO_CLOSE) without a duplicate mutation (verification \#6)
ok 481 - checkRecordVerdict: idempotent rerun after a prior RECORDED — reaches the existing post-audit transition (READY_TO_CLOSE) without a duplicate mutation (verification \#6)
  ---
  duration_ms: 0.2175
  ...
# Subtest: checkRecordVerdict: ALREADY_RECORDED — the fresh re-read immediately before mutating already shows the evidence-backed verdict recorded (closes the race window)
ok 482 - checkRecordVerdict: ALREADY_RECORDED — the fresh re-read immediately before mutating already shows the evidence-backed verdict recorded (closes the race window)
  ---
  duration_ms: 0.2733
  ...
# Subtest: checkRecordVerdict: CONFLICTING_VERDICT — the fresh re-read shows a different, already-settled verdict than the evidence found; fails closed, never overwritten (verification \#7)
ok 483 - checkRecordVerdict: CONFLICTING_VERDICT — the fresh re-read shows a different, already-settled verdict than the evidence found; fails closed, never overwritten (verification \#7)
  ---
  duration_ms: 0.3498
  ...
# Subtest: checkRecordVerdict: revalidates report evidence before writing — a newer completed report with the opposite verdict lands between the evidence check and the mutation, and the newer one is recorded, not the stale one
ok 484 - checkRecordVerdict: revalidates report evidence before writing — a newer completed report with the opposite verdict lands between the evidence check and the mutation, and the newer one is recorded, not the stale one
  ---
  duration_ms: 0.3206
  ...
# Subtest: checkRecordVerdict: CONFLICTING_VERDICT compares against the freshly-revalidated authoritative report, not checkPostAudit's stale evidence
ok 485 - checkRecordVerdict: CONFLICTING_VERDICT compares against the freshly-revalidated authoritative report, not checkPostAudit's stale evidence
  ---
  duration_ms: 0.2784
  ...
# Subtest: checkRecordVerdict: fails closed as an operational error when revalidation no longer finds any completed report backing a verdict
ok 486 - checkRecordVerdict: fails closed as an operational error when revalidation no longer finds any completed report backing a verdict
  ---
  duration_ms: 0.2794
  ...
# Subtest: checkRecordVerdict: a gh issue edit failure is a plain operational error, not a fabricated RECORDED
ok 487 - checkRecordVerdict: a gh issue edit failure is a plain operational error, not a fabricated RECORDED
  ---
  duration_ms: 0.3941
  ...
# Subtest: checkRecordVerdict: a comment-post failure after a successful edit still reports RECORDED, naming the comment error
ok 488 - checkRecordVerdict: a comment-post failure after a successful edit still reports RECORDED, naming the comment error
  ---
  duration_ms: 0.3161
  ...
# Subtest: checkRecordVerdict: promotes the real \#436 completed CLEAN report over its actual pre-promotion PENDING state
ok 489 - checkRecordVerdict: promotes the real \#436 completed CLEAN report over its actual pre-promotion PENDING state
  ---
  duration_ms: 2.1872
  ...
# Subtest: checkCloseAudit: CLOSE_READY (dry-run) / CLOSED (real run) — backed CLEAN, work issue field names a presumed-open issue
ok 490 - checkCloseAudit: CLOSE_READY (dry-run) / CLOSED (real run) — backed CLEAN, work issue field names a presumed-open issue
  ---
  duration_ms: 0.7704
  ...
# Subtest: checkCloseAudit: CLOSE_READY (dry-run) / CLOSED (real run) — backed CLEAN, work issue field names a presumed-closed issue (the exact \#380/\#384 shape: identical outcome either way, since work-issue state is never consulted)
ok 491 - checkCloseAudit: CLOSE_READY (dry-run) / CLOSED (real run) — backed CLEAN, work issue field names a presumed-closed issue (the exact \#380/\#384 shape: identical outcome either way, since work-issue state is never consulted)
  ---
  duration_ms: 0.3855
  ...
# Subtest: checkCloseAudit: SUPERSEDED_CLOSE_READY (dry-run) / SUPERSEDED_CLOSED (real run) — a NOT CLEAN predecessor is superseded by a distinct, later CLOSE_READY successor naming the same work issue, across a 5-issue correction chain shaped like \#396->\#400->\#402->\#404->\#406
ok 492 - checkCloseAudit: SUPERSEDED_CLOSE_READY (dry-run) / SUPERSEDED_CLOSED (real run) — a NOT CLEAN predecessor is superseded by a distinct, later CLOSE_READY successor naming the same work issue, across a 5-issue correction chain shaped like \#396->\#400->\#402->\#404->\#406
  ---
  duration_ms: 1.1359
  ...
# Subtest: checkCloseAudit: a later CLOSE_READY audit naming a DIFFERENT work issue never supersedes (fail-closed supersession evidence rule)
ok 493 - checkCloseAudit: a later CLOSE_READY audit naming a DIFFERENT work issue never supersedes (fail-closed supersession evidence rule)
  ---
  duration_ms: 0.2649
  ...
# Subtest: checkCloseAudit: an earlier (not later-created) CLOSE_READY audit naming the same work issue never supersedes (createdAt comparison, not issue-number order)
ok 494 - checkCloseAudit: an earlier (not later-created) CLOSE_READY audit naming the same work issue never supersedes (createdAt comparison, not issue-number order)
  ---
  duration_ms: 0.6783
  ...
# Subtest: checkCloseAudit: NOT_TERMINAL_YET — active PENDING verdict, no successor exists (negative control)
ok 495 - checkCloseAudit: NOT_TERMINAL_YET — active PENDING verdict, no successor exists (negative control)
  ---
  duration_ms: 0.1782
  ...
# Subtest: checkCloseAudit: NOT_TERMINAL_YET — CLEAN dropdown unbacked by a completed Stage 2 report (the \#229 kickoff shape), no successor exists (negative control)
ok 496 - checkCloseAudit: NOT_TERMINAL_YET — CLEAN dropdown unbacked by a completed Stage 2 report (the \#229 kickoff shape), no successor exists (negative control)
  ---
  duration_ms: 0.3155
  ...
# Subtest: checkCloseAudit: ALREADY_TERMINAL — a safe no-op on an already-closed audit issue, even without --dry-run (idempotent rerun, no mutation attempted)
ok 497 - checkCloseAudit: ALREADY_TERMINAL — a safe no-op on an already-closed audit issue, even without --dry-run (idempotent rerun, no mutation attempted)
  ---
  duration_ms: 0.154
  ...
# Subtest: checkCloseAudit: ALREADY_TERMINAL is reported identically with --dry-run true (no mutation impls are even reachable)
ok 498 - checkCloseAudit: ALREADY_TERMINAL is reported identically with --dry-run true (no mutation impls are even reachable)
  ---
  duration_ms: 0.1168
  ...
# Subtest: checkCloseAudit: exits 1 when required args are missing
ok 499 - checkCloseAudit: exits 1 when required args are missing
  ---
  duration_ms: 0.0827
  ...
# Subtest: checkCloseAudit: exits 1 when gh issue view fails
ok 500 - checkCloseAudit: exits 1 when gh issue view fails
  ---
  duration_ms: 0.1403
  ...
# Subtest: checkCloseAudit: a close-call failure is reported as an operational error and never followed by a comment attempt
ok 501 - checkCloseAudit: a close-call failure is reported as an operational error and never followed by a comment attempt
  ---
  duration_ms: 0.2996
  ...
# Subtest: checkCloseAudit: a comment-post failure after a successful close still reports the close (never a failed exit), naming the comment failure
ok 502 - checkCloseAudit: a comment-post failure after a successful close still reports the close (never a failed exit), naming the comment failure
  ---
  duration_ms: 0.2983
  ...
# Subtest: normalizeSearchIssuesPage: maps REST Search API items to the { number, title, body, state, createdAt } shape checkCloseAudit's candidate walk expects
ok 503 - normalizeSearchIssuesPage: maps REST Search API items to the { number, title, body, state, createdAt } shape checkCloseAudit's candidate walk expects
  ---
  duration_ms: 0.1562
  ...
# Subtest: normalizeSearchIssuesPage: filters out pull requests matching the same search text (the Search API returns both issues and PRs)
ok 504 - normalizeSearchIssuesPage: filters out pull requests matching the same search text (the Search API returns both issues and PRs)
  ---
  duration_ms: 0.6217
  ...
# Subtest: normalizeSearchIssuesPage: an empty or missing items array normalizes to an empty array
ok 505 - normalizeSearchIssuesPage: an empty or missing items array normalizes to an empty array
  ---
  duration_ms: 0.0824
  ...
# Subtest: checkCloseWorkIssue: CLOSED — an open work issue is closed with a durable comment naming the backing Stage 2 audit evidence
ok 506 - checkCloseWorkIssue: CLOSED — an open work issue is closed with a durable comment naming the backing Stage 2 audit evidence
  ---
  duration_ms: 0.2894
  ...
# Subtest: checkCloseWorkIssue: ALREADY_TERMINAL — a safe no-op on a work issue already closed, no close or comment attempted (idempotent rerun)
ok 507 - checkCloseWorkIssue: ALREADY_TERMINAL — a safe no-op on a work issue already closed, no close or comment attempted (idempotent rerun)
  ---
  duration_ms: 0.1266
  ...
# Subtest: checkCloseWorkIssue: a comment-post failure after a successful close still reports the close (never a failed exit), naming the comment failure
ok 508 - checkCloseWorkIssue: a comment-post failure after a successful close still reports the close (never a failed exit), naming the comment failure
  ---
  duration_ms: 0.1716
  ...
# Subtest: checkCloseWorkIssue: exits 1 when required args are missing
ok 509 - checkCloseWorkIssue: exits 1 when required args are missing
  ---
  duration_ms: 0.0873
  ...
# Subtest: checkCloseWorkIssue: exits 1 when gh issue view fails
ok 510 - checkCloseWorkIssue: exits 1 when gh issue view fails
  ---
  duration_ms: 0.1281
  ...
# Subtest: parseArgs: reads --repo/--pr/--head/--issue
ok 511 - parseArgs: reads --repo/--pr/--head/--issue
  ---
  duration_ms: 1.4768
  ...
# Subtest: run: both components succeed -> PRE_MERGE_READY, exit 0
ok 512 - run: both components succeed -> PRE_MERGE_READY, exit 0
  ---
  duration_ms: 0.4181
  ...
# Subtest: run: valid Stage 1 evidence plus only a non-closing reference (Addresses \#48) can pass
ok 513 - run: valid Stage 1 evidence plus only a non-closing reference (Addresses \#48) can pass
  ---
  duration_ms: 0.1538
  ...
# Subtest: run: explicit --issue none reports PRE_MERGE_READY_NO_WORK_ISSUE while Stage 1 is still enforced
ok 514 - run: explicit --issue none reports PRE_MERGE_READY_NO_WORK_ISSUE while Stage 1 is still enforced
  ---
  duration_ms: 0.1507
  ...
# Subtest: run: valid Stage 1 evidence plus a PR-body Closes \#48 reference (YouTubery \#49/\#48 regression) -> BLOCKED, never a successful result
ok 515 - run: valid Stage 1 evidence plus a PR-body Closes \#48 reference (YouTubery \#49/\#48 regression) -> BLOCKED, never a successful result
  ---
  duration_ms: 0.1856
  ...
# Subtest: run: valid Stage 1 evidence plus a Development-sidebar closing reference -> BLOCKED
ok 516 - run: valid Stage 1 evidence plus a Development-sidebar closing reference -> BLOCKED
  ---
  duration_ms: 0.149
  ...
# Subtest: run: valid Stage 1 evidence plus a relevant commit-message closing keyword -> BLOCKED
ok 517 - run: valid Stage 1 evidence plus a relevant commit-message closing keyword -> BLOCKED
  ---
  duration_ms: 0.2151
  ...
# Subtest: run: missing Stage 1 trigger (NOT_REQUESTED) blocks before merge-ready, regardless of lifecycle result
ok 518 - run: missing Stage 1 trigger (NOT_REQUESTED) blocks before merge-ready, regardless of lifecycle result
  ---
  duration_ms: 0.1793
  ...
# Subtest: run: Stage 1 trigger with no genuine response (PENDING) is non-zero
ok 519 - run: Stage 1 trigger with no genuine response (PENDING) is non-zero
  ---
  duration_ms: 0.2448
  ...
# Subtest: run: a successful Stage 1 result alone cannot be represented as the authoritative merge-ready result
ok 520 - run: a successful Stage 1 result alone cannot be represented as the authoritative merge-ready result
  ---
  duration_ms: 0.2571
  ...
# Subtest: run: NOT_REQUESTED stage1 + CORRECTION_SATISFIED delta + MERGE_READY lifecycle -> PRE_MERGE_READY_CORRECTION_SATISFIED, exit 0
ok 521 - run: NOT_REQUESTED stage1 + CORRECTION_SATISFIED delta + MERGE_READY lifecycle -> PRE_MERGE_READY_CORRECTION_SATISFIED, exit 0
  ---
  duration_ms: 0.3089
  ...
# Subtest: run: NOT_REQUESTED stage1 + CORRECTION_SATISFIED delta + MERGE_READY_NO_WORK_ISSUE lifecycle -> PRE_MERGE_READY_CORRECTION_SATISFIED_NO_WORK_ISSUE
ok 522 - run: NOT_REQUESTED stage1 + CORRECTION_SATISFIED delta + MERGE_READY_NO_WORK_ISSUE lifecycle -> PRE_MERGE_READY_CORRECTION_SATISFIED_NO_WORK_ISSUE
  ---
  duration_ms: 0.167
  ...
# Subtest: run: NOT_REQUESTED stage1 + CORRECTION_SATISFIED delta but lifecycle still BLOCKED_CLOSING_REFERENCE -> BLOCKED naming only the lifecycle component
ok 523 - run: NOT_REQUESTED stage1 + CORRECTION_SATISFIED delta but lifecycle still BLOCKED_CLOSING_REFERENCE -> BLOCKED naming only the lifecycle component
  ---
  duration_ms: 0.1652
  ...
# Subtest: run: NOT_REQUESTED stage1 + HEAD_MISMATCH correction delta stays BLOCKED on stage1, unchanged from the no-correction case
ok 524 - run: NOT_REQUESTED stage1 + HEAD_MISMATCH correction delta stays BLOCKED on stage1, unchanged from the no-correction case
  ---
  duration_ms: 0.2318
  ...
# Subtest: run: NOT_REQUESTED stage1 + NOT_SATISFIED correction delta stays BLOCKED on stage1
ok 525 - run: NOT_REQUESTED stage1 + NOT_SATISFIED correction delta stays BLOCKED on stage1
  ---
  duration_ms: 0.2345
  ...
# Subtest: run: an operational error from checkCorrectionDeltaImpl is reported as OPERATIONAL_ERROR, not silently BLOCKED
ok 526 - run: an operational error from checkCorrectionDeltaImpl is reported as OPERATIONAL_ERROR, not silently BLOCKED
  ---
  duration_ms: 0.3317
  ...
# Subtest: run: no --reviewed-head supplied never invokes checkCorrectionDeltaImpl, even when stage1 is NOT_REQUESTED (no wasted gh call on the common path)
ok 527 - run: no --reviewed-head supplied never invokes checkCorrectionDeltaImpl, even when stage1 is NOT_REQUESTED (no wasted gh call on the common path)
  ---
  duration_ms: 0.1989
  ...
# Subtest: run: --reviewed-head is never consulted when stage1 already succeeds (RESPONSE_RECEIVED)
ok 528 - run: --reviewed-head is never consulted when stage1 already succeeds (RESPONSE_RECEIVED)
  ---
  duration_ms: 0.272
  ...
# Subtest: run: an accidentally omitted work issue fails closed as an operational error, not 'none'
ok 529 - run: an accidentally omitted work issue fails closed as an operational error, not 'none'
  ---
  duration_ms: 0.1739
  ...
# Subtest: run: a gh failure inside stage1-gate propagates as an operational error
ok 530 - run: a gh failure inside stage1-gate propagates as an operational error
  ---
  duration_ms: 0.3807
  ...
# Subtest: run: operational error dominates a simultaneous blocked state in the other component
ok 531 - run: operational error dominates a simultaneous blocked state in the other component
  ---
  duration_ms: 0.1774
  ...
# Subtest: run: malformed output (no exitCode) from a component fails closed rather than being treated as a pass
ok 532 - run: malformed output (no exitCode) from a component fails closed rather than being treated as a pass
  ---
  duration_ms: 0.1483
  ...
# Subtest: run: undefined component output fails closed
ok 533 - run: undefined component output fails closed
  ---
  duration_ms: 0.1448
  ...
# Subtest: run: records the repository, PR, frozen head, and work issue evaluated even on a blocked result
ok 534 - run: records the repository, PR, frozen head, and work issue evaluated even on a blocked result
  ---
  duration_ms: 0.1374
  ...
# Subtest: run: maps --pr to stage1-gate's --number and passes --head/--issue to the right component
ok 535 - run: maps --pr to stage1-gate's --number and passes --head/--issue to the right component
  ---
  duration_ms: 0.1654
  ...
# Subtest: findAllMatches: matches a genuine post-trigger bot comment
ok 536 - findAllMatches: matches a genuine post-trigger bot comment
  ---
  duration_ms: 1.1984
  ...
# Subtest: findAllMatches: ignores a bot comment from before the trigger time
ok 537 - findAllMatches: ignores a bot comment from before the trigger time
  ---
  duration_ms: 0.4663
  ...
# Subtest: findAllMatches: ignores a fresh comment from a non-bot author
ok 538 - findAllMatches: ignores a fresh comment from a non-bot author
  ---
  duration_ms: 0.1309
  ...
# Subtest: findAllMatches: reviews match via submitted_at instead of created_at
ok 539 - findAllMatches: reviews match via submitted_at instead of created_at
  ---
  duration_ms: 0.1428
  ...
# Subtest: findAllMatches: returns every genuine match, not just the first — one invocation can post several comments
ok 540 - findAllMatches: returns every genuine match, not just the first — one invocation can post several comments
  ---
  duration_ms: 0.3035
  ...
# Subtest: extractCommitId: reads commit_id when present
ok 541 - extractCommitId: reads commit_id when present
  ---
  duration_ms: 0.1161
  ...
# Subtest: extractCommitId: falls back to original_commit_id when commit_id is absent
ok 542 - extractCommitId: falls back to original_commit_id when commit_id is absent
  ---
  duration_ms: 0.1141
  ...
# Subtest: extractCommitId: returns null when neither field is present (e.g. a plain issue comment)
ok 543 - extractCommitId: returns null when neither field is present (e.g. a plain issue comment)
  ---
  duration_ms: 0.1777
  ...
# Subtest: extractCommitId: prefers original_commit_id over a drifted commit_id (verified against PR \#175's own review comments, issue \#163)
ok 544 - extractCommitId: prefers original_commit_id over a drifted commit_id (verified against PR \#175's own review comments, issue \#163)
  ---
  duration_ms: 0.1737
  ...
# Subtest: findAllMatches: carries commit_id through onto the returned match (issue \#163)
ok 545 - findAllMatches: carries commit_id through onto the returned match (issue \#163)
  ---
  duration_ms: 0.2237
  ...
# Subtest: findAllMatches: commit_id is null when the source item carries no commit identity
ok 546 - findAllMatches: commit_id is null when the source item carries no commit identity
  ---
  duration_ms: 0.1508
  ...
# Subtest: matchBelongsToHead: a match with a matching commit_id is bound to that head regardless of round count
ok 547 - matchBelongsToHead: a match with a matching commit_id is bound to that head regardless of round count
  ---
  duration_ms: 0.1552
  ...
# Subtest: matchBelongsToHead: a match whose commit_id names a different head is excluded even after that head's own trigger (issue \#163's delayed-response race)
ok 548 - matchBelongsToHead: a match whose commit_id names a different head is excluded even after that head's own trigger (issue \#163's delayed-response race)
  ---
  duration_ms: 0.1135
  ...
# Subtest: matchBelongsToHead: an unbound match (no commit_id) is trusted only when exactly one trigger round exists
ok 549 - matchBelongsToHead: an unbound match (no commit_id) is trusted only when exactly one trigger round exists
  ---
  duration_ms: 0.1742
  ...
# Subtest: matchBelongsToHead: an unbound match fails closed once more than one trigger round exists, even for the latest head
ok 550 - matchBelongsToHead: an unbound match fails closed once more than one trigger round exists, even for the latest head
  ---
  duration_ms: 0.1243
  ...
# Subtest: matchBelongsToHead: a same-head retry (two trigger comments, one head) is not treated as cross-head ambiguity (Stage 1 review finding on issue \#163's own PR)
ok 551 - matchBelongsToHead: a same-head retry (two trigger comments, one head) is not treated as cross-head ambiguity (Stage 1 review finding on issue \#163's own PR)
  ---
  duration_ms: 0.1806
  ...
# Subtest: parsePaginatedOutput: flattens multiple `gh api --paginate --slurp` pages into one flat array
ok 552 - parsePaginatedOutput: flattens multiple `gh api --paginate --slurp` pages into one flat array
  ---
  duration_ms: 0.1722
  ...
# Subtest: parsePaginatedOutput: a single page still arrives wrapped in --slurp's outer array
ok 553 - parsePaginatedOutput: a single page still arrives wrapped in --slurp's outer array
  ---
  duration_ms: 0.2247
  ...
# Subtest: parsePaginatedOutput: an endpoint with no items yields an empty flat array
ok 554 - parsePaginatedOutput: an endpoint with no items yields an empty flat array
  ---
  duration_ms: 0.1285
  ...
# Subtest: endpointsFor: pr kind checks the three endpoints from issue \#53's incident
ok 555 - endpointsFor: pr kind checks the three endpoints from issue \#53's incident
  ---
  duration_ms: 0.2057
  ...
# Subtest: endpointsFor: issue kind checks issue comments only
ok 556 - endpointsFor: issue kind checks issue comments only
  ---
  duration_ms: 0.1256
  ...
# Subtest: endpointsFor: rejects an unknown kind
ok 557 - endpointsFor: rejects an unknown kind
  ---
  duration_ms: 0.328
  ...
# Subtest: parseArgs: applies defaults and reads flags
ok 558 - parseArgs: applies defaults and reads flags
  ---
  duration_ms: 0.1375
  ...
# Subtest: run: exits 1 when required args are missing
ok 559 - run: exits 1 when required args are missing
  ---
  duration_ms: 0.2877
  ...
# Subtest: run: exits 1 on a non-numeric --interval instead of hot-polling
ok 560 - run: exits 1 on a non-numeric --interval instead of hot-polling
  ---
  duration_ms: 0.1355
  ...
# Subtest: run: exits 1 on a zero or negative --interval
ok 561 - run: exits 1 on a zero or negative --interval
  ---
  duration_ms: 0.1172
  ...
# Subtest: run: exits 1 on a non-numeric --timeout instead of falsely reporting timeout with zero polling
ok 562 - run: exits 1 on a non-numeric --timeout instead of falsely reporting timeout with zero polling
  ---
  duration_ms: 0.1226
  ...
# Subtest: run: exits 1 on an invalid --since timestamp
ok 563 - run: exits 1 on an invalid --since timestamp
  ---
  duration_ms: 0.1111
  ...
# Subtest: run: exits 0 with all matches from the round the moment they appear on the first sweep — no sleep call
ok 564 - run: exits 0 with all matches from the round the moment they appear on the first sweep — no sleep call
  ---
  duration_ms: 0.1954
  ...
# Subtest: run: a match on the pr-kind pull-comments endpoint doesn't stop it from also collecting a same-sweep match on pull-reviews
ok 565 - run: a match on the pr-kind pull-comments endpoint doesn't stop it from also collecting a same-sweep match on pull-reviews
  ---
  duration_ms: 0.3113
  ...
# Subtest: run: finds a match only on a later sweep, after sleeping in between
ok 566 - run: finds a match only on a later sweep, after sleeping in between
  ---
  duration_ms: 0.2854
  ...
# Subtest: run: caps the sleep to the time remaining before the deadline instead of always sleeping a full interval
ok 567 - run: caps the sleep to the time remaining before the deadline instead of always sleeping a full interval
  ---
  duration_ms: 1012.3206
  ...
# Subtest: run: times out with exit 2 and no match when the deadline has already passed
ok 568 - run: times out with exit 2 and no match when the deadline has already passed
  ---
  duration_ms: 1.099
  ...
# Subtest: run: surfaces a gh api failure as exit 1 rather than treating it as no-match
ok 569 - run: surfaces a gh api failure as exit 1 rather than treating it as no-match
  ---
  duration_ms: 0.3718
  ...
# Subtest: parseCorrectionSatisfiedDisposition: parses the well-formed shape, lower-casing both shas
ok 570 - parseCorrectionSatisfiedDisposition: parses the well-formed shape, lower-casing both shas
  ---
  duration_ms: 1.6875
  ...
# Subtest: parseCorrectionSatisfiedDisposition: accepts a short (7-char) hex prefix on either sha
ok 571 - parseCorrectionSatisfiedDisposition: accepts a short (7-char) hex prefix on either sha
  ---
  duration_ms: 0.1972
  ...
# Subtest: parseCorrectionSatisfiedDisposition: returns null for the pre-existing 'satisfied at <sha>' shape
ok 572 - parseCorrectionSatisfiedDisposition: returns null for the pre-existing 'satisfied at <sha>' shape
  ---
  duration_ms: 0.141
  ...
# Subtest: parseCorrectionSatisfiedDisposition: returns null for the pre-existing 'exempt at <sha>' shape
ok 573 - parseCorrectionSatisfiedDisposition: returns null for the pre-existing 'exempt at <sha>' shape
  ---
  duration_ms: 0.1154
  ...
# Subtest: parseCorrectionSatisfiedDisposition: returns null when the trailing parenthesis is missing
ok 574 - parseCorrectionSatisfiedDisposition: returns null when the trailing parenthesis is missing
  ---
  duration_ms: 0.1167
  ...
# Subtest: parseCorrectionSatisfiedDisposition: returns null for a non-hex sha
ok 575 - parseCorrectionSatisfiedDisposition: returns null for a non-hex sha
  ---
  duration_ms: 0.1076
  ...
# Subtest: parseCorrectionSatisfiedDisposition: returns null for the wrong keyword
ok 576 - parseCorrectionSatisfiedDisposition: returns null for the wrong keyword
  ---
  duration_ms: 0.1804
  ...
# Subtest: parseCorrectionSatisfiedDisposition: returns null for absent/empty/none input
ok 577 - parseCorrectionSatisfiedDisposition: returns null for absent/empty/none input
  ---
  duration_ms: 0.1615
  ...
# Subtest: checkCorrectionDelta: CORRECTION_SATISFIED — head matches, findings-bearing reviewed response, clean ahead compare
ok 578 - checkCorrectionDelta: CORRECTION_SATISFIED — head matches, findings-bearing reviewed response, clean ahead compare
  ---
  duration_ms: 0.7908
  ...
# Subtest: checkCorrectionDelta: CORRECTION_SATISFIED — gatedHead only needs to start with correctedHead (prefix match)
ok 579 - checkCorrectionDelta: CORRECTION_SATISFIED — gatedHead only needs to start with correctedHead (prefix match)
  ---
  duration_ms: 0.297
  ...
# Subtest: checkCorrectionDelta: HEAD_MISMATCH — correctedHead does not match gatedHead, and never calls stage1RunImpl or compareImpl
ok 580 - checkCorrectionDelta: HEAD_MISMATCH — correctedHead does not match gatedHead, and never calls stage1RunImpl or compareImpl
  ---
  duration_ms: 0.1867
  ...
# Subtest: checkCorrectionDelta: NOT_SATISFIED (findings-provenance) — reviewed head's Stage 1 result is a clean pass only, and never calls compareImpl
ok 581 - checkCorrectionDelta: NOT_SATISFIED (findings-provenance) — reviewed head's Stage 1 result is a clean pass only, and never calls compareImpl
  ---
  duration_ms: 0.3107
  ...
# Subtest: checkCorrectionDelta: NOT_SATISFIED (findings-provenance) — reviewed head has no genuine response at all (NOT_REQUESTED)
ok 582 - checkCorrectionDelta: NOT_SATISFIED (findings-provenance) — reviewed head has no genuine response at all (NOT_REQUESTED)
  ---
  duration_ms: 0.1906
  ...
# Subtest: checkCorrectionDelta: NOT_SATISFIED (findings-provenance) — reviewed head is still PENDING
ok 583 - checkCorrectionDelta: NOT_SATISFIED (findings-provenance) — reviewed head is still PENDING
  ---
  duration_ms: 0.252
  ...
# Subtest: checkCorrectionDelta: NOT_SATISFIED (findings-provenance) — a genuine response exists only via unboundGenuineMatches, never counted as provenance
ok 584 - checkCorrectionDelta: NOT_SATISFIED (findings-provenance) — a genuine response exists only via unboundGenuineMatches, never counted as provenance
  ---
  duration_ms: 0.1971
  ...
# Subtest: checkCorrectionDelta: NOT_SATISFIED (ancestry) — compare reports status "identical"
ok 585 - checkCorrectionDelta: NOT_SATISFIED (ancestry) — compare reports status "identical"
  ---
  duration_ms: 0.251
  ...
# Subtest: checkCorrectionDelta: NOT_SATISFIED (ancestry) — compare reports status "diverged"
ok 586 - checkCorrectionDelta: NOT_SATISFIED (ancestry) — compare reports status "diverged"
  ---
  duration_ms: 0.1404
  ...
# Subtest: checkCorrectionDelta: NOT_SATISFIED (ancestry) — compare reports status "behind"
ok 587 - checkCorrectionDelta: NOT_SATISFIED (ancestry) — compare reports status "behind"
  ---
  duration_ms: 0.2501
  ...
# Subtest: checkCorrectionDelta: exitCode 1 when stage1RunImpl throws
ok 588 - checkCorrectionDelta: exitCode 1 when stage1RunImpl throws
  ---
  duration_ms: 0.3607
  ...
# Subtest: checkCorrectionDelta: exitCode 1 when compareImpl throws
ok 589 - checkCorrectionDelta: exitCode 1 when compareImpl throws
  ---
  duration_ms: 0.2608
  ...
# Subtest: checkCorrectionDelta: exitCode 1 when stage1RunImpl reports its own operational error
ok 590 - checkCorrectionDelta: exitCode 1 when stage1RunImpl reports its own operational error
  ---
  duration_ms: 0.1638
  ...
# Subtest: checkCorrectionDelta: exitCode 1 when stage1RunImpl returns output without a trustworthy exitCode
ok 591 - checkCorrectionDelta: exitCode 1 when stage1RunImpl returns output without a trustworthy exitCode
  ---
  duration_ms: 0.1374
  ...
# Subtest: checkCorrectionDelta: exitCode 1 when compareImpl returns output without a trustworthy status field
ok 592 - checkCorrectionDelta: exitCode 1 when compareImpl returns output without a trustworthy status field
  ---
  duration_ms: 0.1495
  ...
# Subtest: checkCorrectionDelta: an abbreviated (7-char) reviewedHead is resolved to the full SHA before calling stage1RunImpl
ok 593 - checkCorrectionDelta: an abbreviated (7-char) reviewedHead is resolved to the full SHA before calling stage1RunImpl
  ---
  duration_ms: 0.2237
  ...
# Subtest: checkCorrectionDelta: a full-length (40-char) reviewedHead never calls resolveCommitImpl
ok 594 - checkCorrectionDelta: a full-length (40-char) reviewedHead never calls resolveCommitImpl
  ---
  duration_ms: 0.1824
  ...
# Subtest: checkCorrectionDelta: NOT_SATISFIED when an abbreviated reviewedHead does not resolve to a real commit
ok 595 - checkCorrectionDelta: NOT_SATISFIED when an abbreviated reviewedHead does not resolve to a real commit
  ---
  duration_ms: 0.1489
  ...
# Subtest: checkCorrectionDelta: exitCode 1 when resolveCommitImpl throws for an abbreviated reviewedHead
ok 596 - checkCorrectionDelta: exitCode 1 when resolveCommitImpl throws for an abbreviated reviewedHead
  ---
  duration_ms: 0.1628
  ...
# Subtest: checkCorrectionDelta: exitCode 1 when required args are missing
ok 597 - checkCorrectionDelta: exitCode 1 when required args are missing
  ---
  duration_ms: 0.1054
  ...
# Subtest: parseArgs: maps dashed flags to the expected keys
ok 598 - parseArgs: maps dashed flags to the expected keys
  ---
  duration_ms: 0.1596
  ...
# Subtest: run: exits 1 when required args are missing
ok 599 - run: exits 1 when required args are missing
  ---
  duration_ms: 0.137
  ...
# Subtest: run: defaults gatedHead to correctedHead when --gated-head is omitted
ok 600 - run: defaults gatedHead to correctedHead when --gated-head is omitted
  ---
  duration_ms: 0.1389
  ...
# Subtest: run: passes an explicit --gated-head through unchanged
ok 601 - run: passes an explicit --gated-head through unchanged
  ---
  duration_ms: 0.2031
  ...
# Subtest: findExemption: matches the documented 'Stage 1 exemption:' line
ok 602 - findExemption: matches the documented 'Stage 1 exemption:' line
  ---
  duration_ms: 1.2809
  ...
# Subtest: findExemption: returns null when no exemption line is present
ok 603 - findExemption: returns null when no exemption line is present
  ---
  duration_ms: 0.1593
  ...
# Subtest: findExemption: returns null for an empty/undefined body
ok 604 - findExemption: returns null for an empty/undefined body
  ---
  duration_ms: 0.1139
  ...
# Subtest: findExemption: is case-insensitive on the label
ok 605 - findExemption: is case-insensitive on the label
  ---
  duration_ms: 0.1081
  ...
# Subtest: findExemption: an empty marker line does not let the next line of description become the reason (Stage 1 review finding)
ok 606 - findExemption: an empty marker line does not let the next line of description become the reason (Stage 1 review finding)
  ---
  duration_ms: 0.1206
  ...
# Subtest: findExemption: still matches when trailing spaces precede the reason on the same line
ok 607 - findExemption: still matches when trailing spaces precede the reason on the same line
  ---
  duration_ms: 0.1017
  ...
# Subtest: findExemption: ignores an exemption-looking line inside a backtick fence (issue \#162)
ok 608 - findExemption: ignores an exemption-looking line inside a backtick fence (issue \#162)
  ---
  duration_ms: 0.1789
  ...
# Subtest: findExemption: a fenced example containing exactly the documented syntax and no real exemption does not grant one (issue \#162)
ok 609 - findExemption: a fenced example containing exactly the documented syntax and no real exemption does not grant one (issue \#162)
  ---
  duration_ms: 0.1214
  ...
# Subtest: findExemption: recognizes a real exemption outside the fence even when a fenced example precedes it (issue \#162)
ok 610 - findExemption: recognizes a real exemption outside the fence even when a fenced example precedes it (issue \#162)
  ---
  duration_ms: 0.2172
  ...
# Subtest: findExemption: ignores an exemption-looking line inside a tilde fence (issue \#162)
ok 611 - findExemption: ignores an exemption-looking line inside a tilde fence (issue \#162)
  ---
  duration_ms: 0.2519
  ...
# Subtest: findExemption: a bare exemption marker inside a fence still does not swallow a real exemption outside it (issue \#162)
ok 612 - findExemption: a bare exemption marker inside a fence still does not swallow a real exemption outside it (issue \#162)
  ---
  duration_ms: 0.1389
  ...
# Subtest: isGenuineResponse: rejects a leading BLOCKED reply
ok 613 - isGenuineResponse: rejects a leading BLOCKED reply
  ---
  duration_ms: 0.333
  ...
# Subtest: isGenuineResponse: rejects a blocked-mutation-attempt reply
ok 614 - isGenuineResponse: rejects a blocked-mutation-attempt reply
  ---
  duration_ms: 2.2488
  ...
# Subtest: isGenuineResponse: accepts an ordinary review reply
ok 615 - isGenuineResponse: accepts an ordinary review reply
  ---
  duration_ms: 0.2208
  ...
# Subtest: isGenuineResponse: rejects the Codex Cloud 'create an environment' configuration reply (Stage 2 audit finding on issue \#141)
ok 616 - isGenuineResponse: rejects the Codex Cloud 'create an environment' configuration reply (Stage 2 audit finding on issue \#141)
  ---
  duration_ms: 0.123
  ...
# Subtest: isGenuineResponse: rejects the Codex Cloud 'create a Codex account and connect to github' connector prompt (issue \#274, LDL PR \#275)
ok 617 - isGenuineResponse: rejects the Codex Cloud 'create a Codex account and connect to github' connector prompt (issue \#274, LDL PR \#275)
  ---
  duration_ms: 0.1816
  ...
# Subtest: isGenuineResponse: accepts a genuine review that discusses the connector-prompt phrase/URL rather than being one
ok 618 - isGenuineResponse: accepts a genuine review that discusses the connector-prompt phrase/URL rather than being one
  ---
  duration_ms: 0.1374
  ...
# Subtest: isGenuineResponse: accepts a genuine review that discusses the setup-prompt phrase/URL rather than being one (Stage 1 review finding on PR \#142)
ok 619 - isGenuineResponse: accepts a genuine review that discusses the setup-prompt phrase/URL rather than being one (Stage 1 review finding on PR \#142)
  ---
  duration_ms: 0.2309
  ...
# Subtest: isGenuineResponse: rejects a Markdown-heading-wrapped BLOCKED reply (YouTubery PR \#14, issue \#151)
ok 620 - isGenuineResponse: rejects a Markdown-heading-wrapped BLOCKED reply (YouTubery PR \#14, issue \#151)
  ---
  duration_ms: 0.2179
  ...
# Subtest: isGenuineResponse: rejects other common leading Markdown wrappers around BLOCKED
ok 621 - isGenuineResponse: rejects other common leading Markdown wrappers around BLOCKED
  ---
  duration_ms: 0.1727
  ...
# Subtest: isGenuineResponse: accepts a genuine review that discusses or quotes BLOCKED syntax rather than opening with it (issue \#151)
ok 622 - isGenuineResponse: accepts a genuine review that discusses or quotes BLOCKED syntax rather than opening with it (issue \#151)
  ---
  duration_ms: 0.1239
  ...
# Subtest: isGenuineResponse: rejects a list-wrapped BLOCKED reply (YouTubery PR \#14, issue \#161 Failure A)
ok 623 - isGenuineResponse: rejects a list-wrapped BLOCKED reply (YouTubery PR \#14, issue \#161 Failure A)
  ---
  duration_ms: 0.1049
  ...
# Subtest: isGenuineResponse: rejects other common leading list-prefix wrappers around BLOCKED (issue \#161 Failure A)
ok 624 - isGenuineResponse: rejects other common leading list-prefix wrappers around BLOCKED (issue \#161 Failure A)
  ---
  duration_ms: 0.1014
  ...
# Subtest: isGenuineResponse: rejects a genuine reviewer permission-denial/refusal response (existing \#135/\#141 case, still anchored correctly)
ok 625 - isGenuineResponse: rejects a genuine reviewer permission-denial/refusal response (existing \#135/\#141 case, still anchored correctly)
  ---
  duration_ms: 0.5664
  ...
# Subtest: isGenuineResponse: accepts a genuine finding discussing that a reviewer cannot have write permission (issue \#161 Failure B)
ok 626 - isGenuineResponse: accepts a genuine finding discussing that a reviewer cannot have write permission (issue \#161 Failure B)
  ---
  duration_ms: 0.1033
  ...
# Subtest: isGenuineResponse: accepts a genuine review that discusses permission boundaries and separately gives an ordinary instruction (Stage 1 review finding on PR \#164)
ok 627 - isGenuineResponse: accepts a genuine review that discusses permission boundaries and separately gives an ordinary instruction (Stage 1 review finding on PR \#164)
  ---
  duration_ms: 0.0977
  ...
# Subtest: isGenuineResponse: rejects a refusal that uses a mutation verb outside a small hardcoded list (Stage 1 review finding on PR \#164)
ok 628 - isGenuineResponse: rejects a refusal that uses a mutation verb outside a small hardcoded list (Stage 1 review finding on PR \#164)
  ---
  duration_ms: 0.0977
  ...
# Subtest: isGenuineResponse: rejects a refused attempt phrased with a gerund instead of an infinitive (second Stage 1 review round on PR \#164)
ok 629 - isGenuineResponse: rejects a refused attempt phrased with a gerund instead of an infinitive (second Stage 1 review round on PR \#164)
  ---
  duration_ms: 0.0938
  ...
# Subtest: isGenuineResponse: accepts an ordinary review recommendation that happens to use 'need to' (second Stage 1 review round on PR \#164)
ok 630 - isGenuineResponse: accepts an ordinary review recommendation that happens to use 'need to' (second Stage 1 review round on PR \#164)
  ---
  duration_ms: 0.0881
  ...
# Subtest: isGenuineResponse: accepts a genuine finding describing a third party's permission requirement (second Stage 1 review round on PR \#164)
ok 631 - isGenuineResponse: accepts a genuine finding describing a third party's permission requirement (second Stage 1 review round on PR \#164)
  ---
  duration_ms: 0.0851
  ...
# Subtest: isGenuineResponse: rejects a direct modal refusal with no separate attempt verb (third Stage 1 review round on PR \#164)
ok 632 - isGenuineResponse: rejects a direct modal refusal with no separate attempt verb (third Stage 1 review round on PR \#164)
  ---
  duration_ms: 0.1607
  ...
# Subtest: isGenuineResponse: accepts a genuine review whose attempt and permission mentions describe unrelated clauses (third Stage 1 review round on PR \#164)
ok 633 - isGenuineResponse: accepts a genuine review whose attempt and permission mentions describe unrelated clauses (third Stage 1 review round on PR \#164)
  ---
  duration_ms: 0.157
  ...
# Subtest: isGenuineResponse: accepts genuine security findings that open with 'missing'/'no' permission wording but are not refusals (fourth Stage 1 review round on PR \#164)
ok 634 - isGenuineResponse: accepts genuine security findings that open with 'missing'/'no' permission wording but are not refusals (fourth Stage 1 review round on PR \#164)
  ---
  duration_ms: 0.1758
  ...
# Subtest: isGenuineResponse: rejects a prefaced first-person 'not authorized' refusal (fourth Stage 1 review round on PR \#164)
ok 635 - isGenuineResponse: rejects a prefaced first-person 'not authorized' refusal (fourth Stage 1 review round on PR \#164)
  ---
  duration_ms: 0.1035
  ...
# Subtest: isGenuineResponse: rejects a refusal split across two consecutive first-person sentences (fourth Stage 1 review round on PR \#164)
ok 636 - isGenuineResponse: rejects a refusal split across two consecutive first-person sentences (fourth Stage 1 review round on PR \#164)
  ---
  duration_ms: 0.0924
  ...
# Subtest: isGenuineResponse: rejects an access refusal phrased with 'lack' (fifth Stage 1 review round on PR \#164)
ok 637 - isGenuineResponse: rejects an access refusal phrased with 'lack' (fifth Stage 1 review round on PR \#164)
  ---
  duration_ms: 0.0883
  ...
# Subtest: isGenuineResponse: rejects an access refusal phrased with passive 'denied' (sixth Stage 1 review round on PR \#164)
ok 638 - isGenuineResponse: rejects an access refusal phrased with passive 'denied' (sixth Stage 1 review round on PR \#164)
  ---
  duration_ms: 0.0854
  ...
# Subtest: isGenuineResponse: accepts a genuine finding whose 'no permission to <verb>' opening continues into an unrelated main clause (sixth Stage 1 review round on PR \#164)
ok 639 - isGenuineResponse: accepts a genuine finding whose 'no permission to <verb>' opening continues into an unrelated main clause (sixth Stage 1 review round on PR \#164)
  ---
  duration_ms: 0.0846
  ...
# Subtest: isGenuineResponse: rejects an impersonal authorization refusal with a longer direct object (seventh Stage 1 review round on PR \#164)
ok 640 - isGenuineResponse: rejects an impersonal authorization refusal with a longer direct object (seventh Stage 1 review round on PR \#164)
  ---
  duration_ms: 0.2078
  ...
# Subtest: isGenuineResponse: rejects an impersonal refusal with a causal 'because' explanation (eighth Stage 1 review round on PR \#164, finding 1 -- accepted)
ok 641 - isGenuineResponse: rejects an impersonal refusal with a causal 'because' explanation (eighth Stage 1 review round on PR \#164, finding 1 -- accepted)
  ---
  duration_ms: 0.1356
  ...
# Subtest: parseArgs: reads flags and defaults the bot login
ok 642 - parseArgs: reads flags and defaults the bot login
  ---
  duration_ms: 0.1326
  ...
# Subtest: run: exits 1 when required args are missing
ok 643 - run: exits 1 when required args are missing
  ---
  duration_ms: 0.3317
  ...
# Subtest: run: EXEMPT — an explicit exemption in the PR body short-circuits before any trigger read
ok 644 - run: EXEMPT — an explicit exemption in the PR body short-circuits before any trigger read
  ---
  duration_ms: 0.1633
  ...
# Subtest: run: NOT_REQUESTED — a fenced-example-only exemption in the PR body does not bypass Stage 1 (issue \#162)
ok 645 - run: NOT_REQUESTED — a fenced-example-only exemption in the PR body does not bypass Stage 1 (issue \#162)
  ---
  duration_ms: 0.349
  ...
# Subtest: run: NOT_REQUESTED — no trigger comment at the given head
ok 646 - run: NOT_REQUESTED — no trigger comment at the given head
  ---
  duration_ms: 0.1544
  ...
# Subtest: run: NOT_REQUESTED — a trigger exists but only at a different (older) head
ok 647 - run: NOT_REQUESTED — a trigger exists but only at a different (older) head
  ---
  duration_ms: 0.2191
  ...
# Subtest: run: PENDING — trigger exists at the head but no genuine bot response yet
ok 648 - run: PENDING — trigger exists at the head but no genuine bot response yet
  ---
  duration_ms: 0.4434
  ...
# Subtest: run: PENDING — a bot comment exists but predates the trigger (stale prior-round response)
ok 649 - run: PENDING — a bot comment exists but predates the trigger (stale prior-round response)
  ---
  duration_ms: 0.3096
  ...
# Subtest: run: RESPONSE_RECEIVED — trigger plus a genuine post-trigger bot response on the issue-comments thread
ok 650 - run: RESPONSE_RECEIVED — trigger plus a genuine post-trigger bot response on the issue-comments thread
  ---
  duration_ms: 0.3378
  ...
# Subtest: run: RESPONSE_RECEIVED — a genuine response on the pull-reviews endpoint also counts
ok 651 - run: RESPONSE_RECEIVED — a genuine response on the pull-reviews endpoint also counts
  ---
  duration_ms: 0.2341
  ...
# Subtest: run: PENDING — a BLOCKED reply does not open the gate (Stage 1 review finding)
ok 652 - run: PENDING — a BLOCKED reply does not open the gate (Stage 1 review finding)
  ---
  duration_ms: 0.2425
  ...
# Subtest: run: RESPONSE_RECEIVED — a genuine reply after an earlier BLOCKED one still opens the gate
ok 653 - run: RESPONSE_RECEIVED — a genuine reply after an earlier BLOCKED one still opens the gate
  ---
  duration_ms: 0.3361
  ...
# Subtest: run: PENDING — a Markdown-heading-wrapped BLOCKED reply does not open the gate (YouTubery PR \#14, issue \#151)
ok 654 - run: PENDING — a Markdown-heading-wrapped BLOCKED reply does not open the gate (YouTubery PR \#14, issue \#151)
  ---
  duration_ms: 0.3138
  ...
# Subtest: run: PENDING — a list-formatted BLOCKED reply does not open the gate (YouTubery PR \#14, issue \#161 Failure A)
ok 655 - run: PENDING — a list-formatted BLOCKED reply does not open the gate (YouTubery PR \#14, issue \#161 Failure A)
  ---
  duration_ms: 0.267
  ...
# Subtest: run: RESPONSE_RECEIVED — a genuine finding discussing permission rules opens the gate (issue \#161 Failure B)
ok 656 - run: RESPONSE_RECEIVED — a genuine finding discussing permission rules opens the gate (issue \#161 Failure B)
  ---
  duration_ms: 0.3381
  ...
# Subtest: run: PENDING — a Codex Cloud 'create an environment' reply does not open the gate (Stage 2 audit finding on issue \#141)
ok 657 - run: PENDING — a Codex Cloud 'create an environment' reply does not open the gate (Stage 2 audit finding on issue \#141)
  ---
  duration_ms: 0.22
  ...
# Subtest: run: surfaces a gh pr view failure as exit 1
ok 658 - run: surfaces a gh pr view failure as exit 1
  ---
  duration_ms: 0.3026
  ...
# Subtest: run: surfaces a gh api read failure as exit 1
ok 659 - run: surfaces a gh api read failure as exit 1
  ---
  duration_ms: 0.1762
  ...
# Subtest: run: PENDING — a genuine response bound via commit_id to an older head does not satisfy a newer head's gate (issue \#163)
ok 660 - run: PENDING — a genuine response bound via commit_id to an older head does not satisfy a newer head's gate (issue \#163)
  ---
  duration_ms: 0.2442
  ...
# Subtest: run: PENDING — an unbound issue-comment response arriving after a newer head's trigger does not satisfy that head once multiple rounds exist (issue \#163's delayed-response race)
ok 661 - run: PENDING — an unbound issue-comment response arriving after a newer head's trigger does not satisfy that head once multiple rounds exist (issue \#163's delayed-response race)
  ---
  duration_ms: 0.2296
  ...
# Subtest: run: RESPONSE_RECEIVED — a genuine response bound via commit_id to the requested head satisfies the gate even with an older head's trigger also present
ok 662 - run: RESPONSE_RECEIVED — a genuine response bound via commit_id to the requested head satisfies the gate even with an older head's trigger also present
  ---
  duration_ms: 0.2059
  ...
# Subtest: run: RESPONSE_RECEIVED — multiple response surfaces for one same-head round are all counted without requiring a second round (issue \#163 requirement 6)
ok 663 - run: RESPONSE_RECEIVED — multiple response surfaces for one same-head round are all counted without requiring a second round (issue \#163 requirement 6)
  ---
  duration_ms: 0.2166
  ...
# Subtest: run: RESPONSE_RECEIVED — a same-head retry (two trigger comments, one head) still opens the gate on an unbound genuine response (Stage 1 review finding on issue \#163's own PR)
ok 664 - run: RESPONSE_RECEIVED — a same-head retry (two trigger comments, one head) still opens the gate on an unbound genuine response (Stage 1 review finding on issue \#163's own PR)
  ---
  duration_ms: 0.2886
  ...
# Subtest: run: RESPONSE_RECEIVED — a bound match satisfies the gate but still surfaces a genuine unbound finding for the controller to verify (Stage 1 review finding on issue \#163's own PR)
ok 665 - run: RESPONSE_RECEIVED — a bound match satisfies the gate but still surfaces a genuine unbound finding for the controller to verify (Stage 1 review finding on issue \#163's own PR)
  ---
  duration_ms: 0.2926
  ...
# Subtest: run: exits 1 on an unexpected (non-array) comments response instead of guessing
ok 666 - run: exits 1 on an unexpected (non-array) comments response instead of guessing
  ---
  duration_ms: 0.1474
  ...
# Subtest: bodyReferencesCommit: matches the exact full SHA
ok 667 - bodyReferencesCommit: matches the exact full SHA
  ---
  duration_ms: 1.2836
  ...
# Subtest: bodyReferencesCommit: matches a 7+ char abbreviated prefix in either direction
ok 668 - bodyReferencesCommit: matches a 7+ char abbreviated prefix in either direction
  ---
  duration_ms: 0.1717
  ...
# Subtest: bodyReferencesCommit: case-insensitive
ok 669 - bodyReferencesCommit: case-insensitive
  ---
  duration_ms: 0.1306
  ...
# Subtest: bodyReferencesCommit: a different commit does not match
ok 670 - bodyReferencesCommit: a different commit does not match
  ---
  duration_ms: 0.2858
  ...
# Subtest: bodyReferencesCommit: false when text or mergeCommit is missing/empty
ok 671 - bodyReferencesCommit: false when text or mergeCommit is missing/empty
  ---
  duration_ms: 0.1502
  ...
# Subtest: bodyReferencesCommit: a malformed (non-hex, or under 7 chars) mergeCommit never matches
ok 672 - bodyReferencesCommit: a malformed (non-hex, or under 7 chars) mergeCommit never matches
  ---
  duration_ms: 0.1045
  ...
# Subtest: isCompletedStage2AuditReport: a response naming only the trusted reviewed head (not the merge commit) is still rejected — reviewedHeadCommit never substitutes for mergeCommit
ok 673 - isCompletedStage2AuditReport: a response naming only the trusted reviewed head (not the merge commit) is still rejected — reviewedHeadCommit never substitutes for mergeCommit
  ---
  duration_ms: 2.8287
  ...
# Subtest: isCompletedStage2AuditReport: a response naming an INCORRECT merge commit while also citing the correct reviewedHeadCommit is still rejected (the exact unsafe scenario Stage 1 review caught)
ok 674 - isCompletedStage2AuditReport: a response naming an INCORRECT merge commit while also citing the correct reviewedHeadCommit is still rejected (the exact unsafe scenario Stage 1 review caught)
  ---
  duration_ms: 0.7636
  ...
# Subtest: isCompletedStage2AuditReport: a response naming the exact merge commit still passes regardless of whether reviewedHeadCommit is also given
ok 675 - isCompletedStage2AuditReport: a response naming the exact merge commit still passes regardless of whether reviewedHeadCommit is also given
  ---
  duration_ms: 0.361
  ...
# Subtest: isCompletedStage2AuditReport: a response naming an unrelated SHA (matching neither mergeCommit nor reviewedHeadCommit) is rejected with the generic reason
ok 676 - isCompletedStage2AuditReport: a response naming an unrelated SHA (matching neither mergeCommit nor reviewedHeadCommit) is rejected with the generic reason
  ---
  duration_ms: 0.293
  ...
# Subtest: isCompletedStage2AuditReport: malformed/missing trusted target metadata (reviewedHeadCommit null) behaves exactly like the pre-\#335 merge-commit-only check
ok 677 - isCompletedStage2AuditReport: malformed/missing trusted target metadata (reviewedHeadCommit null) behaves exactly like the pre-\#335 merge-commit-only check
  ---
  duration_ms: 0.2764
  ...
# Subtest: isCompletedStage2AuditReport: the \#330 shape (an incidental short merge-prefix inside an unrelated git-log command) still passes on the merge-commit signal alone, unaffected by reviewedHeadCommit being present or absent
ok 678 - isCompletedStage2AuditReport: the \#330 shape (an incidental short merge-prefix inside an unrelated git-log command) still passes on the merge-commit signal alone, unaffected by reviewedHeadCommit being present or absent
  ---
  duration_ms: 0.241
  ...
# Subtest: bodyReferencesCommit: issue \#334's real response never restates the merge commit itself
ok 679 - bodyReferencesCommit: issue \#334's real response never restates the merge commit itself
  ---
  duration_ms: 0.1258
  ...
# Subtest: bodyReferencesCommit: issue \#334's real response does reference its trusted frozen reviewed head
ok 680 - bodyReferencesCommit: issue \#334's real response does reference its trusted frozen reviewed head
  ---
  duration_ms: 0.1772
  ...
# Subtest: isCompletedStage2AuditReport: issue \#334's real response stays correctly unbacked — target identity fails (no merge-commit citation, and reviewedHeadCommit is diagnostic-only) and checklist completeness independently fails (11 requested, 4 shown)
ok 681 - isCompletedStage2AuditReport: issue \#334's real response stays correctly unbacked — target identity fails (no merge-commit citation, and reviewedHeadCommit is diagnostic-only) and checklist completeness independently fails (11 requested, 4 shown)
  ---
  duration_ms: 0.7137
  ...
# Subtest: isCompletedStage2AuditReport: issue \#334's real response without reviewedHeadCommit fails the same way, just with the generic (less specific) target-identity reason
ok 682 - isCompletedStage2AuditReport: issue \#334's real response without reviewedHeadCommit fails the same way, just with the generic (less specific) target-identity reason
  ---
  duration_ms: 0.3094
  ...
# Subtest: extractResponseVerdict: a leading 'CLEAN — ...' status line (issue \#95's observed shape)
ok 683 - extractResponseVerdict: a leading 'CLEAN — ...' status line (issue \#95's observed shape)
  ---
  duration_ms: 0.1474
  ...
# Subtest: extractResponseVerdict: a leading 'NOT CLEAN — ...' status line
ok 684 - extractResponseVerdict: a leading 'NOT CLEAN — ...' status line
  ---
  duration_ms: 0.2271
  ...
# Subtest: extractResponseVerdict: a leading status line wrapped in Markdown presentation
ok 685 - extractResponseVerdict: a leading status line wrapped in Markdown presentation
  ---
  duration_ms: 0.2092
  ...
# Subtest: extractResponseVerdict: a 'Verdict' labelled value on the same line
ok 686 - extractResponseVerdict: a 'Verdict' labelled value on the same line
  ---
  duration_ms: 0.1892
  ...
# Subtest: extractResponseVerdict: a 'Verdict' heading with the value on the next non-blank line
ok 687 - extractResponseVerdict: a 'Verdict' heading with the value on the next non-blank line
  ---
  duration_ms: 0.1184
  ...
# Subtest: extractResponseVerdict: null when no verdict token is present
ok 688 - extractResponseVerdict: null when no verdict token is present
  ---
  duration_ms: 0.1027
  ...
# Subtest: extractResponseVerdict: an unrelated later mention of CLEAN/NOT CLEAN with no label or leading position is not read as the verdict
ok 689 - extractResponseVerdict: an unrelated later mention of CLEAN/NOT CLEAN with no label or leading position is not read as the verdict
  ---
  duration_ms: 0.0955
  ...
# Subtest: extractResponseVerdict: findings prose that merely contains the word 'verdict' does not short-circuit before the real labelled verdict (Stage 1 review finding on PR \#231)
ok 690 - extractResponseVerdict: findings prose that merely contains the word 'verdict' does not short-circuit before the real labelled verdict (Stage 1 review finding on PR \#231)
  ---
  duration_ms: 0.1599
  ...
# Subtest: extractResponseVerdict: a prose sentence that merely opens with the bare word 'Verdict' (no colon, more text on the same line) is not read as a label (issue \#268 finding 1)
ok 691 - extractResponseVerdict: a prose sentence that merely opens with the bare word 'Verdict' (no colon, more text on the same line) is not read as a label (issue \#268 finding 1)
  ---
  duration_ms: 0.1131
  ...
# Subtest: extractResponseVerdict: a bare prose sentence opening with 'Verdict' and no real label anywhere returns null (issue \#268 finding 1)
ok 692 - extractResponseVerdict: a bare prose sentence opening with 'Verdict' and no real label anywhere returns null (issue \#268 finding 1)
  ---
  duration_ms: 0.0941
  ...
# Subtest: extractResponseVerdict: a combined 'Stage 2 Audit Verdict: **CLEAN**' heading (issue \#259's observed shape)
ok 693 - extractResponseVerdict: a combined 'Stage 2 Audit Verdict: **CLEAN**' heading (issue \#259's observed shape)
  ---
  duration_ms: 0.1085
  ...
# Subtest: extractResponseVerdict: a combined 'Stage 2 Audit — NOT CLEAN' heading (issue \#278's observed shape)
ok 694 - extractResponseVerdict: a combined 'Stage 2 Audit — NOT CLEAN' heading (issue \#278's observed shape)
  ---
  duration_ms: 0.0993
  ...
# Subtest: extractResponseVerdict: a genuine sentence that merely mentions 'Stage 2 Audit' later in a sentence, not as the line's own opening, is not read as a verdict declaration
ok 695 - extractResponseVerdict: a genuine sentence that merely mentions 'Stage 2 Audit' later in a sentence, not as the line's own opening, is not read as a verdict declaration
  ---
  duration_ms: 0.0909
  ...
# Subtest: extractResponseVerdict: a 'Stage 2 Audit' heading merely naming its topic, with no declaring separator before the token, is not read as a verdict (Stage 1 review finding on PR \#279)
ok 696 - extractResponseVerdict: a 'Stage 2 Audit' heading merely naming its topic, with no declaring separator before the token, is not read as a verdict (Stage 1 review finding on PR \#279)
  ---
  duration_ms: 0.0957
  ...
# Subtest: extractResponseVerdict: a 'Stage 2 Audit' heading mentioning both tokens without a declaring separator falls through to a real Verdict line, never picks the wrong (first) token (Stage 1 review finding on PR \#279)
ok 697 - extractResponseVerdict: a 'Stage 2 Audit' heading mentioning both tokens without a declaring separator falls through to a real Verdict line, never picks the wrong (first) token (Stage 1 review finding on PR \#279)
  ---
  duration_ms: 0.1259
  ...
# Subtest: extractResponseVerdict: the same ambiguous heading with no real verdict line anywhere else extracts nothing, rather than guessing
ok 698 - extractResponseVerdict: the same ambiguous heading with no real verdict line anywhere else extracts nothing, rather than guessing
  ---
  duration_ms: 0.1813
  ...
# Subtest: extractResponseVerdict: a bare '\# CLEAN' heading appearing well after the start of the body, with no 'Stage 2 Audit' prefix (issue \#422's observed shape)
ok 699 - extractResponseVerdict: a bare '\# CLEAN' heading appearing well after the start of the body, with no 'Stage 2 Audit' prefix (issue \#422's observed shape)
  ---
  duration_ms: 0.1666
  ...
# Subtest: extractResponseVerdict: a bare 'NOT CLEAN' standalone heading, not at the start of the body
ok 700 - extractResponseVerdict: a bare 'NOT CLEAN' standalone heading, not at the start of the body
  ---
  duration_ms: 0.1056
  ...
# Subtest: extractResponseVerdict: a standalone verdict heading tolerates bold emphasis and trailing punctuation
ok 701 - extractResponseVerdict: a standalone verdict heading tolerates bold emphasis and trailing punctuation
  ---
  duration_ms: 0.0968
  ...
# Subtest: extractResponseVerdict: a heading merely discussing CLEAN/NOT CLEAN as its topic is not read as a standalone verdict heading (must not regress the issue \#268/\#278 false-positive guard)
ok 702 - extractResponseVerdict: a heading merely discussing CLEAN/NOT CLEAN as its topic is not read as a standalone verdict heading (must not regress the issue \#268/\#278 false-positive guard)
  ---
  duration_ms: 0.104
  ...
# Subtest: extractResponseVerdict: reproduces issue \#421's real genuine CLEAN Stage 2 response body — a standalone '\# CLEAN' heading after '\#\#\# Founder Judgment', not at the start of the body
ok 703 - extractResponseVerdict: reproduces issue \#421's real genuine CLEAN Stage 2 response body — a standalone '\# CLEAN' heading after '\#\#\# Founder Judgment', not at the start of the body
  ---
  duration_ms: 0.1286
  ...
# Subtest: extractResponseVerdict: a fenced '\# CLEAN' example inside verification evidence is not read as the verdict; the real trailing 'Verdict' / 'NOT CLEAN' field is
ok 704 - extractResponseVerdict: a fenced '\# CLEAN' example inside verification evidence is not read as the verdict; the real trailing 'Verdict' / 'NOT CLEAN' field is
  ---
  duration_ms: 0.1202
  ...
# Subtest: extractResponseVerdict: a fenced 'CLEAN' example with no real verdict declaration anywhere else extracts nothing, rather than the fenced example
ok 705 - extractResponseVerdict: a fenced 'CLEAN' example with no real verdict declaration anywhere else extracts nothing, rather than the fenced example
  ---
  duration_ms: 0.2077
  ...
# Subtest: extractResponseVerdict: a tilde-fenced verdict example is excluded the same way as a backtick-fenced one
ok 706 - extractResponseVerdict: a tilde-fenced verdict example is excluded the same way as a backtick-fenced one
  ---
  duration_ms: 0.1071
  ...
# Subtest: extractResponseVerdict: two genuinely conflicting standalone verdict declarations outside any fence fail closed to null rather than silently resolving to the first one found
ok 707 - extractResponseVerdict: two genuinely conflicting standalone verdict declarations outside any fence fail closed to null rather than silently resolving to the first one found
  ---
  duration_ms: 0.0997
  ...
# Subtest: extractResponseVerdict: issue \#421's real response is unaffected by fenced-example exclusion (no fences present, must still resolve to CLEAN)
ok 708 - extractResponseVerdict: issue \#421's real response is unaffected by fenced-example exclusion (no fences present, must still resolve to CLEAN)
  ---
  duration_ms: 0.8273
  ...
# Subtest: countNumberedItems: counts each top-level numbered line
ok 709 - countNumberedItems: counts each top-level numbered line
  ---
  duration_ms: 0.1227
  ...
# Subtest: countNumberedItems: zero for missing/empty text
ok 710 - countNumberedItems: zero for missing/empty text
  ---
  duration_ms: 0.0884
  ...
# Subtest: countVerificationWalkthroughItems: counts only the last freshly-restarted-at-1 numbered run, not numbered findings entries earlier in the body (Stage 1 review finding on this PR)
ok 711 - countVerificationWalkthroughItems: counts only the last freshly-restarted-at-1 numbered run, not numbered findings entries earlier in the body (Stage 1 review finding on this PR)
  ---
  duration_ms: 0.1219
  ...
# Subtest: countVerificationWalkthroughItems: a checklist truncated after item 1 is not padded out by earlier numbered findings entries
ok 712 - countVerificationWalkthroughItems: a checklist truncated after item 1 is not padded out by earlier numbered findings entries
  ---
  duration_ms: 0.0981
  ...
# Subtest: countVerificationWalkthroughItems: a single numbered list with no earlier findings still counts normally
ok 713 - countVerificationWalkthroughItems: a single numbered list with no earlier findings still counts normally
  ---
  duration_ms: 0.083
  ...
# Subtest: countVerificationWalkthroughItems: zero for missing/empty text or text with no numbered items
ok 714 - countVerificationWalkthroughItems: zero for missing/empty text or text with no numbered items
  ---
  duration_ms: 0.0992
  ...
# Subtest: hasVerificationEvidence: true with a 'verif...' mention and a numbered item
ok 715 - hasVerificationEvidence: true with a 'verif...' mention and a numbered item
  ---
  duration_ms: 0.2109
  ...
# Subtest: hasVerificationEvidence: false with only a mention, no numbered item
ok 716 - hasVerificationEvidence: false with only a mention, no numbered item
  ---
  duration_ms: 0.1082
  ...
# Subtest: hasVerificationEvidence: false with only a numbered item, no verification mention
ok 717 - hasVerificationEvidence: false with only a numbered item, no verification mention
  ---
  duration_ms: 0.0862
  ...
# Subtest: hasVerificationEvidence: false for empty/undefined
ok 718 - hasVerificationEvidence: false for empty/undefined
  ---
  duration_ms: 0.0828
  ...
# Subtest: hasCompleteVerificationEvidence: false when the response's checklist is shorter than what was requested (issue \#268 finding 2)
ok 719 - hasCompleteVerificationEvidence: false when the response's checklist is shorter than what was requested (issue \#268 finding 2)
  ---
  duration_ms: 0.1359
  ...
# Subtest: hasCompleteVerificationEvidence: true when the response's checklist meets or exceeds the requested count
ok 720 - hasCompleteVerificationEvidence: true when the response's checklist meets or exceeds the requested count
  ---
  duration_ms: 0.1034
  ...
# Subtest: hasCompleteVerificationEvidence: false when a truncated checklist is padded out by earlier numbered findings entries (Stage 1 review finding on this PR)
ok 721 - hasCompleteVerificationEvidence: false when a truncated checklist is padded out by earlier numbered findings entries (Stage 1 review finding on this PR)
  ---
  duration_ms: 0.111
  ...
# Subtest: hasCompleteVerificationEvidence: falls back to presence-only when no requested checklist is given
ok 722 - hasCompleteVerificationEvidence: falls back to presence-only when no requested checklist is given
  ---
  duration_ms: 0.0896
  ...
# Subtest: isCompletedStage2AuditReport: reproduces the exact \#229 kickoff-and-task-link reply as incomplete (issue \#230's reproduced defect)
ok 723 - isCompletedStage2AuditReport: reproduces the exact \#229 kickoff-and-task-link reply as incomplete (issue \#230's reproduced defect)
  ---
  duration_ms: 0.1549
  ...
# Subtest: isCompletedStage2AuditReport: a valid completed report is accepted
ok 724 - isCompletedStage2AuditReport: a valid completed report is accepted
  ---
  duration_ms: 0.5949
  ...
# Subtest: isCompletedStage2AuditReport: accepts the leading-status-line shape as well as the labelled shape
ok 725 - isCompletedStage2AuditReport: accepts the leading-status-line shape as well as the labelled shape
  ---
  duration_ms: 0.1914
  ...
# Subtest: isCompletedStage2AuditReport: accepts a full realistic report opening with the observed '\#\# Stage 2 Audit Verdict: **CLEAN**' heading (issue \#259)
ok 726 - isCompletedStage2AuditReport: accepts a full realistic report opening with the observed '\#\# Stage 2 Audit Verdict: **CLEAN**' heading (issue \#259)
  ---
  duration_ms: 0.1431
  ...
# Subtest: isCompletedStage2AuditReport: accepts a full realistic report opening with the observed '\#\# Stage 2 Audit — NOT CLEAN' heading (issue \#278)
ok 727 - isCompletedStage2AuditReport: accepts a full realistic report opening with the observed '\#\# Stage 2 Audit — NOT CLEAN' heading (issue \#278)
  ---
  duration_ms: 0.1375
  ...
# Subtest: isCompletedStage2AuditReport: a report addressing the wrong commit is rejected
ok 728 - isCompletedStage2AuditReport: a report addressing the wrong commit is rejected
  ---
  duration_ms: 0.1698
  ...
# Subtest: isCompletedStage2AuditReport: an empty body is rejected
ok 729 - isCompletedStage2AuditReport: an empty body is rejected
  ---
  duration_ms: 0.4852
  ...
# Subtest: isCompletedStage2AuditReport: evaluates evidence beyond the first 200 characters (the commit/verdict/checklist all fall well past it)
ok 730 - isCompletedStage2AuditReport: evaluates evidence beyond the first 200 characters (the commit/verdict/checklist all fall well past it)
  ---
  duration_ms: 0.1836
  ...
# Subtest: isCompletedStage2AuditReport: a BLOCKED reply is rejected the same way as any other non-genuine response
ok 731 - isCompletedStage2AuditReport: a BLOCKED reply is rejected the same way as any other non-genuine response
  ---
  duration_ms: 0.1037
  ...
# Subtest: isCompletedStage2AuditReport: a self-referential permission-refusal reply is rejected
ok 732 - isCompletedStage2AuditReport: a self-referential permission-refusal reply is rejected
  ---
  duration_ms: 1.1415
  ...
# Subtest: isCompletedStage2AuditReport: reports every failed signal when multiple are missing
ok 733 - isCompletedStage2AuditReport: reports every failed signal when multiple are missing
  ---
  duration_ms: 0.1198
  ...
# Subtest: isCompletedStage2AuditReport: a fenced '\# CLEAN' example in evidence never authorizes CLEAN over the report's actual NOT CLEAN verdict
ok 734 - isCompletedStage2AuditReport: a fenced '\# CLEAN' example in evidence never authorizes CLEAN over the report's actual NOT CLEAN verdict
  ---
  duration_ms: 0.1741
  ...
# Subtest: isCompletedStage2AuditReport: a NOT CLEAN report is not misread as CLEAN via a findings sentence that merely mentions the word 'verdict' (Stage 1 review finding on PR \#231)
ok 735 - isCompletedStage2AuditReport: a NOT CLEAN report is not misread as CLEAN via a findings sentence that merely mentions the word 'verdict' (Stage 1 review finding on PR \#231)
  ---
  duration_ms: 0.1406
  ...
# Subtest: isCompletedStage2AuditReport: a refusal disclosed past the first 200 characters is still rejected (Stage 1 review finding on PR \#231)
ok 736 - isCompletedStage2AuditReport: a refusal disclosed past the first 200 characters is still rejected (Stage 1 review finding on PR \#231)
  ---
  duration_ms: 0.5506
  ...
# Subtest: isCompletedStage2AuditReport: requireVerificationEvidence: false accepts a terse legacy-shaped CLEAN response with no checklist
ok 737 - isCompletedStage2AuditReport: requireVerificationEvidence: false accepts a terse legacy-shaped CLEAN response with no checklist
  ---
  duration_ms: 0.1462
  ...
# Subtest: isCompletedStage2AuditReport: requireVerificationEvidence: false still requires the correct commit and an explicit verdict
ok 738 - isCompletedStage2AuditReport: requireVerificationEvidence: false still requires the correct commit and an explicit verdict
  ---
  duration_ms: 0.1358
  ...
# Subtest: isCompletedStage2AuditReport: a checklist walk-through truncated partway through the requested items is rejected
ok 739 - isCompletedStage2AuditReport: a checklist walk-through truncated partway through the requested items is rejected
  ---
  duration_ms: 0.1844
  ...
# Subtest: isCompletedStage2AuditReport: a truncated checklist is not accepted merely because earlier numbered findings entries pad the total count (Stage 1 review finding on this PR)
ok 740 - isCompletedStage2AuditReport: a truncated checklist is not accepted merely because earlier numbered findings entries pad the total count (Stage 1 review finding on this PR)
  ---
  duration_ms: 0.1615
  ...
# Subtest: isCompletedStage2AuditReport: a checklist walk-through meeting the requested item count is accepted
ok 741 - isCompletedStage2AuditReport: a checklist walk-through meeting the requested item count is accepted
  ---
  duration_ms: 0.1804
  ...
# Subtest: isCompletedStage2AuditReport: requireVerificationEvidence: false ignores requestedChecklist completeness entirely
ok 742 - isCompletedStage2AuditReport: requireVerificationEvidence: false ignores requestedChecklist completeness entirely
  ---
  duration_ms: 0.1287
  ...
# Subtest: hasVerificationEvidence: true for a status-marker bullet checklist ('- ✅ ...') with no numbering
ok 743 - hasVerificationEvidence: true for a status-marker bullet checklist ('- ✅ ...') with no numbering
  ---
  duration_ms: 0.1559
  ...
# Subtest: countVerificationWalkthroughItems: counts the trailing contiguous run of status-marker bullet lines when there is no numbered walk-through
ok 744 - countVerificationWalkthroughItems: counts the trailing contiguous run of status-marker bullet lines when there is no numbered walk-through
  ---
  duration_ms: 0.1495
  ...
# Subtest: countVerificationWalkthroughItems: an earlier unrelated bulleted line breaks the trailing marker run, isolating it from the checklist section (mirrors the numbered-run isolation test above)
ok 745 - countVerificationWalkthroughItems: an earlier unrelated bulleted line breaks the trailing marker run, isolating it from the checklist section (mirrors the numbered-run isolation test above)
  ---
  duration_ms: 0.0933
  ...
# Subtest: countVerificationWalkthroughItems: prefers a numbered walk-through over an unrelated marker-bullet list elsewhere in the body
ok 746 - countVerificationWalkthroughItems: prefers a numbered walk-through over an unrelated marker-bullet list elsewhere in the body
  ---
  duration_ms: 0.09
  ...
# Subtest: countVerificationWalkthroughItems: reproduces issue \#330's real response — 7 status-marker bullet items, matching its 7-item requested checklist
ok 747 - countVerificationWalkthroughItems: reproduces issue \#330's real response — 7 status-marker bullet items, matching its 7-item requested checklist
  ---
  duration_ms: 0.1005
  ...
# Subtest: hasCompleteVerificationEvidence: issue \#330's real response satisfies its real 7-item requested checklist via the status-marker bullet shape
ok 748 - hasCompleteVerificationEvidence: issue \#330's real response satisfies its real 7-item requested checklist via the status-marker bullet shape
  ---
  duration_ms: 0.1037
  ...
# Subtest: isCompletedStage2AuditReport: reproduces issue \#330's real genuine CLEAN Stage 2 response as complete — content-complete but previously misclassified as incomplete for lacking a numbered checklist walk-through
ok 749 - isCompletedStage2AuditReport: reproduces issue \#330's real genuine CLEAN Stage 2 response as complete — content-complete but previously misclassified as incomplete for lacking a numbered checklist walk-through
  ---
  duration_ms: 0.1783
  ...
# Subtest: isCompletedStage2AuditReport: issue \#330's real response, given a deliberately wrong mergeCommit, is correctly rejected despite intentionally citing the correct reviewedHeadCommit (proves the fix does not reopen the unsafe \#335 scenario)
ok 750 - isCompletedStage2AuditReport: issue \#330's real response, given a deliberately wrong mergeCommit, is correctly rejected despite intentionally citing the correct reviewedHeadCommit (proves the fix does not reopen the unsafe \#335 scenario)
  ---
  duration_ms: 0.1838
  ...
# Subtest: hasVerificationEvidence: true for a numbered status-marker checklist ('1. ✅ ...') that never uses the word 'verif...'
ok 751 - hasVerificationEvidence: true for a numbered status-marker checklist ('1. ✅ ...') that never uses the word 'verif...'
  ---
  duration_ms: 0.0843
  ...
# Subtest: hasVerificationEvidence: a bare numbered list with no status-marker glyph still requires a 'verif...' mention (unchanged behavior)
ok 752 - hasVerificationEvidence: a bare numbered list with no status-marker glyph still requires a 'verif...' mention (unchanged behavior)
  ---
  duration_ms: 0.0824
  ...
# Subtest: countVerificationWalkthroughItems: reproduces issue \#353's real response — 5 numbered status-marker items, matching its 5-item requested checklist
ok 753 - countVerificationWalkthroughItems: reproduces issue \#353's real response — 5 numbered status-marker items, matching its 5-item requested checklist
  ---
  duration_ms: 0.089
  ...
# Subtest: hasCompleteVerificationEvidence: issue \#353's real response satisfies its real 5-item requested checklist via the numbered status-marker shape, despite never using the word 'verif...'
ok 754 - hasCompleteVerificationEvidence: issue \#353's real response satisfies its real 5-item requested checklist via the numbered status-marker shape, despite never using the word 'verif...'
  ---
  duration_ms: 0.0902
  ...
# Subtest: isCompletedStage2AuditReport: reproduces issue \#353's real genuine CLEAN Stage 2 response as complete — content-complete but previously misclassified as showing no verification-results content at all
ok 755 - isCompletedStage2AuditReport: reproduces issue \#353's real genuine CLEAN Stage 2 response as complete — content-complete but previously misclassified as showing no verification-results content at all
  ---
  duration_ms: 0.1715
  ...
# Subtest: isCompletedStage2AuditReport: a numbered status-marker checklist truncated partway through the requested items is still rejected (issue \#268 finding 2 applies equally to the numbered-marker shape)
ok 756 - isCompletedStage2AuditReport: a numbered status-marker checklist truncated partway through the requested items is still rejected (issue \#268 finding 2 applies equally to the numbered-marker shape)
  ---
  duration_ms: 0.1897
  ...
# Subtest: hasVerificationEvidence: a numbered run with a marker on only its first item is NOT evidence — every item in the selected run must carry the glyph, not merely one line anywhere (Stage 1 finding 1, PR \#354)
ok 757 - hasVerificationEvidence: a numbered run with a marker on only its first item is NOT evidence — every item in the selected run must carry the glyph, not merely one line anywhere (Stage 1 finding 1, PR \#354)
  ---
  duration_ms: 0.0954
  ...
# Subtest: hasVerificationEvidence: a lone unrelated status bullet in findings prose is NOT evidence without a 'verif...' mention — the bulleted marker shape keeps its original word-mention requirement (Stage 1 finding 2, PR \#354)
ok 758 - hasVerificationEvidence: a lone unrelated status bullet in findings prose is NOT evidence without a 'verif...' mention — the bulleted marker shape keeps its original word-mention requirement (Stage 1 finding 2, PR \#354)
  ---
  duration_ms: 0.0872
  ...
# Subtest: hasVerificationEvidence: a numbered run where every item carries a marker is still accepted (the intended \#353 fix keeps working after the Stage 1 correction)
ok 759 - hasVerificationEvidence: a numbered run where every item carries a marker is still accepted (the intended \#353 fix keeps working after the Stage 1 correction)
  ---
  duration_ms: 0.0893
  ...
# Subtest: isCompletedStage2AuditReport: the mixed-marker adversarial run from Stage 1 finding 1 does not back a CLEAN verdict even against a matching-length requested checklist
ok 760 - isCompletedStage2AuditReport: the mixed-marker adversarial run from Stage 1 finding 1 does not back a CLEAN verdict even against a matching-length requested checklist
  ---
  duration_ms: 0.127
  ...
# Subtest: isCompletedStage2AuditReport: the lone-bullet-in-prose adversarial input from Stage 1 finding 2 does not back a CLEAN verdict against a single-item requested checklist
ok 761 - isCompletedStage2AuditReport: the lone-bullet-in-prose adversarial input from Stage 1 finding 2 does not back a CLEAN verdict against a single-item requested checklist
  ---
  duration_ms: 0.211
  ...
# Subtest: isCompletedStage2AuditReport: a status-marker checklist truncated partway through the requested items is still rejected (issue \#268 finding 2 applies equally to the marker-bullet shape)
ok 762 - isCompletedStage2AuditReport: a status-marker checklist truncated partway through the requested items is still rejected (issue \#268 finding 2 applies equally to the marker-bullet shape)
  ---
  duration_ms: 0.1664
  ...
# Subtest: countVerificationWalkthroughItems (Stage 1 finding 1): a short numbered findings list must not outrank a complete, later marker-bullet checklist
ok 763 - countVerificationWalkthroughItems (Stage 1 finding 1): a short numbered findings list must not outrank a complete, later marker-bullet checklist
  ---
  duration_ms: 0.1084
  ...
# Subtest: countVerificationWalkthroughItems (Stage 1 finding 1): a numbered findings list must not pad out an incomplete, later marker-bullet checklist
ok 764 - countVerificationWalkthroughItems (Stage 1 finding 1): a numbered findings list must not pad out an incomplete, later marker-bullet checklist
  ---
  duration_ms: 0.6282
  ...
# Subtest: countVerificationWalkthroughItems (Stage 1 finding 2): an indented sub-bullet nested under one checklist item is not counted as its own additional top-level item
ok 765 - countVerificationWalkthroughItems (Stage 1 finding 2): an indented sub-bullet nested under one checklist item is not counted as its own additional top-level item
  ---
  duration_ms: 0.1129
  ...
# Subtest: countVerificationWalkthroughItems (Stage 1 finding 3): an indented continuation line under a checklist item does not break the walk-through run
ok 766 - countVerificationWalkthroughItems (Stage 1 finding 3): an indented continuation line under a checklist item does not break the walk-through run
  ---
  duration_ms: 0.1639
  ...
# Subtest: countVerificationWalkthroughItems (Stage 1 finding 4): a trailing 'Founder judgment required' warning bullet does not shrink or replace a complete marker checklist
ok 767 - countVerificationWalkthroughItems (Stage 1 finding 4): a trailing 'Founder judgment required' warning bullet does not shrink or replace a complete marker checklist
  ---
  duration_ms: 0.1062
  ...
# Subtest: countVerificationWalkthroughItems (Stage 1 finding 4): a lone 'Founder judgment required' warning bullet is never accepted as evidence that verification was performed
ok 768 - countVerificationWalkthroughItems (Stage 1 finding 4): a lone 'Founder judgment required' warning bullet is never accepted as evidence that verification was performed
  ---
  duration_ms: 0.098
  ...
# Subtest: countVerificationWalkthroughItems (issue \#381): a complete numbered walk-through is not undercounted by a later, unrelated 'Checks' section of fewer status-marker command bullets
ok 769 - countVerificationWalkthroughItems (issue \#381): a complete numbered walk-through is not undercounted by a later, unrelated 'Checks' section of fewer status-marker command bullets
  ---
  duration_ms: 0.0988
  ...
# Subtest: hasCompleteVerificationEvidence (issue \#381): the synthetic reproduction satisfies its matching 6-item requested checklist
ok 770 - hasCompleteVerificationEvidence (issue \#381): the synthetic reproduction satisfies its matching 6-item requested checklist
  ---
  duration_ms: 0.1034
  ...
# Subtest: countVerificationWalkthroughItems (issue \#381): a 'Checks' heading at any level, with optional emphasis/colon, is still recognized as a literal-command-log section
ok 771 - countVerificationWalkthroughItems (issue \#381): a 'Checks' heading at any level, with optional emphasis/colon, is still recognized as a literal-command-log section
  ---
  duration_ms: 0.0878
  ...
# Subtest: countVerificationWalkthroughItems (issue \#381): a genuine marker-bullet checklist NOT under a 'Checks' heading still wins the later-run tie-break unaffected (issue \#330's Stage 1 finding 1 must not regress)
ok 772 - countVerificationWalkthroughItems (issue \#381): a genuine marker-bullet checklist NOT under a 'Checks' heading still wins the later-run tie-break unaffected (issue \#330's Stage 1 finding 1 must not regress)
  ---
  duration_ms: 0.087
  ...
# Subtest: countVerificationWalkthroughItems (issue \#381): reproduces the real \#380/\#381 response — the correct 6-item numbered walk-through, not the 5-item 'Checks' section
ok 773 - countVerificationWalkthroughItems (issue \#381): reproduces the real \#380/\#381 response — the correct 6-item numbered walk-through, not the 5-item 'Checks' section
  ---
  duration_ms: 0.104
  ...
# Subtest: hasCompleteVerificationEvidence (issue \#381): the real response satisfies its real 6-item requested checklist
ok 774 - hasCompleteVerificationEvidence (issue \#381): the real response satisfies its real 6-item requested checklist
  ---
  duration_ms: 0.1196
  ...
# Subtest: isCompletedStage2AuditReport (issue \#381): reproduces the real \#380 CLEAN Stage 2 response as complete — previously misclassified as incomplete (5 of 6) due to the later 'Checks' section
ok 775 - isCompletedStage2AuditReport (issue \#381): reproduces the real \#380 CLEAN Stage 2 response as complete — previously misclassified as incomplete (5 of 6) due to the later 'Checks' section
  ---
  duration_ms: 0.2223
  ...
# Subtest: countVerificationWalkthroughItems (Stage 1 finding P1 on this PR): numbered findings with no separate walk-through are not counted merely because a trailing 'Checks' log is masked out
ok 776 - countVerificationWalkthroughItems (Stage 1 finding P1 on this PR): numbered findings with no separate walk-through are not counted merely because a trailing 'Checks' log is masked out
  ---
  duration_ms: 0.0995
  ...
# Subtest: countVerificationWalkthroughItems (Stage 1 finding P1 on this PR): a genuine walk-through with no 'Findings' heading is still counted normally when a 'Checks' log follows it (must not regress)
ok 777 - countVerificationWalkthroughItems (Stage 1 finding P1 on this PR): a genuine walk-through with no 'Findings' heading is still counted normally when a 'Checks' log follows it (must not regress)
  ---
  duration_ms: 0.0912
  ...
# Subtest: countVerificationWalkthroughItems (Stage 1 finding P2 on this PR): a nested subheading inside a 'Checks' section does not end the masked section early
ok 778 - countVerificationWalkthroughItems (Stage 1 finding P2 on this PR): a nested subheading inside a 'Checks' section does not end the masked section early
  ---
  duration_ms: 0.0907
  ...
# Subtest: isCompletedStage2AuditReport: reproduces issue \#421's real genuine CLEAN Stage 2 response as complete — previously misclassified as having no explicit CLEAN/NOT CLEAN verdict because the '\# CLEAN' heading matched none of the three previously-recognized shapes
ok 779 - isCompletedStage2AuditReport: reproduces issue \#421's real genuine CLEAN Stage 2 response as complete — previously misclassified as having no explicit CLEAN/NOT CLEAN verdict because the '\# CLEAN' heading matched none of the three previously-recognized shapes
  ---
  duration_ms: 0.2544
  ...
# Subtest: isCompletedStage2AuditReport: issue \#421's real response, given a deliberately wrong mergeCommit, is correctly rejected despite the genuine standalone '\# CLEAN' verdict heading
ok 780 - isCompletedStage2AuditReport: issue \#421's real response, given a deliberately wrong mergeCommit, is correctly rejected despite the genuine standalone '\# CLEAN' verdict heading
  ---
  duration_ms: 0.3448
  ...
# Subtest: extractResponseVerdict (audit \#426, matrix item 1): a backtick-fenced '\#\# Stage 2 Audit — CLEAN' example with no genuine declaration anywhere else extracts nothing
ok 781 - extractResponseVerdict (audit \#426, matrix item 1): a backtick-fenced '\#\# Stage 2 Audit — CLEAN' example with no genuine declaration anywhere else extracts nothing
  ---
  duration_ms: 0.0927
  ...
# Subtest: extractResponseVerdict (audit \#426, matrix item 2): the same fenced combined-heading example alongside a genuine non-fenced 'Verdict: NOT CLEAN' resolves to the genuine verdict, not the fenced example
ok 782 - extractResponseVerdict (audit \#426, matrix item 2): the same fenced combined-heading example alongside a genuine non-fenced 'Verdict: NOT CLEAN' resolves to the genuine verdict, not the fenced example
  ---
  duration_ms: 0.0896
  ...
# Subtest: extractResponseVerdict (audit \#426, matrix item 3): a tilde-fenced combined heading is excluded as evidence the same way a backtick-fenced one is
ok 783 - extractResponseVerdict (audit \#426, matrix item 3): a tilde-fenced combined heading is excluded as evidence the same way a backtick-fenced one is
  ---
  duration_ms: 0.0886
  ...
# Subtest: extractResponseVerdict (audit \#426, matrix item 4): two genuine, non-fenced, conflicting combined headings fail closed to null rather than resolving to whichever appeared first
ok 784 - extractResponseVerdict (audit \#426, matrix item 4): two genuine, non-fenced, conflicting combined headings fail closed to null rather than resolving to whichever appeared first
  ---
  duration_ms: 0.085
  ...
# Subtest: extractResponseVerdict (audit \#426, matrix item 5): repeated genuine combined headings that agree resolve to the agreed verdict
ok 785 - extractResponseVerdict (audit \#426, matrix item 5): repeated genuine combined headings that agree resolve to the agreed verdict
  ---
  duration_ms: 0.0857
  ...
# Subtest: extractResponseVerdict (audit \#426, matrix item 6): issue \#421's accepted bare standalone '\# CLEAN' fixture still resolves to CLEAN, unaffected by the combined-heading fix
ok 786 - extractResponseVerdict (audit \#426, matrix item 6): issue \#421's accepted bare standalone '\# CLEAN' fixture still resolves to CLEAN, unaffected by the combined-heading fix
  ---
  duration_ms: 0.093
  ...
# Subtest: extractResponseVerdict (audit \#426): a fenced combined heading and a fenced standalone heading in the same body, with a genuine non-fenced label elsewhere, both stay excluded
ok 787 - extractResponseVerdict (audit \#426): a fenced combined heading and a fenced standalone heading in the same body, with a genuine non-fenced label elsewhere, both stay excluded
  ---
  duration_ms: 0.0906
  ...
# Subtest: isCompletedStage2AuditReport (audit \#426, matrix item 8): a completed-report evaluation fails closed to no verdict when the only apparent verdict is fenced combined-heading evidence
ok 788 - isCompletedStage2AuditReport (audit \#426, matrix item 8): a completed-report evaluation fails closed to no verdict when the only apparent verdict is fenced combined-heading evidence
  ---
  duration_ms: 0.155
  ...
# Subtest: isCompletedStage2AuditReport (audit \#426): a fenced combined-heading example never overrides the report's actual genuine NOT CLEAN verdict
ok 789 - isCompletedStage2AuditReport (audit \#426): a fenced combined-heading example never overrides the report's actual genuine NOT CLEAN verdict
  ---
  duration_ms: 0.1353
  ...
# Subtest: extractResponseVerdict (PR \#429 finding P1): a four-space-indented combined heading example, with no genuine declaration elsewhere, extracts nothing
ok 790 - extractResponseVerdict (PR \#429 finding P1): a four-space-indented combined heading example, with no genuine declaration elsewhere, extracts nothing
  ---
  duration_ms: 0.0914
  ...
# Subtest: extractResponseVerdict (PR \#429 finding P1): a tab-indented standalone heading example, with no genuine declaration elsewhere, extracts nothing
ok 791 - extractResponseVerdict (PR \#429 finding P1): a tab-indented standalone heading example, with no genuine declaration elsewhere, extracts nothing
  ---
  duration_ms: 0.0923
  ...
# Subtest: extractResponseVerdict (PR \#429 finding P1): an indented combined-heading example alongside a genuine non-indented 'Verdict: NOT CLEAN' resolves to the genuine verdict
ok 792 - extractResponseVerdict (PR \#429 finding P1): an indented combined-heading example alongside a genuine non-indented 'Verdict: NOT CLEAN' resolves to the genuine verdict
  ---
  duration_ms: 0.09
  ...
# Subtest: extractResponseVerdict (PR \#429 finding P2): a literal shorter fence-looking line quoted inside an outer longer fence does not prematurely close the mask, so a genuine unfenced declaration after the real closing fence is still recognized
ok 793 - extractResponseVerdict (PR \#429 finding P2): a literal shorter fence-looking line quoted inside an outer longer fence does not prematurely close the mask, so a genuine unfenced declaration after the real closing fence is still recognized
  ---
  duration_ms: 0.0899
  ...
# Subtest: extractResponseVerdict (PR \#429 finding P2): a same-character but shorter fence-looking line inside an outer fence still masks a combined heading quoted inside it
ok 794 - extractResponseVerdict (PR \#429 finding P2): a same-character but shorter fence-looking line inside an outer fence still masks a combined heading quoted inside it
  ---
  duration_ms: 0.0974
  ...
# Subtest: extractResponseVerdict (PR \#429 finding P2): a standalone differently-charactered fence-looking line inside an outer fence does not close it, so a quoted heading between them stays excluded
ok 795 - extractResponseVerdict (PR \#429 finding P2): a standalone differently-charactered fence-looking line inside an outer fence does not close it, so a quoted heading between them stays excluded
  ---
  duration_ms: 0.142
  ...
# Subtest: extractResponseVerdict (PR \#429 finding P2): a longer same-character closer validly closes the fence, so genuine content after it is visible
ok 796 - extractResponseVerdict (PR \#429 finding P2): a longer same-character closer validly closes the fence, so genuine content after it is visible
  ---
  duration_ms: 0.0867
  ...
# Subtest: extractResponseVerdict (PR \#429): ordinary matched-length fences (the pre-existing common case) are unaffected by the character/length comparison
ok 797 - extractResponseVerdict (PR \#429): ordinary matched-length fences (the pre-existing common case) are unaffected by the character/length comparison
  ---
  duration_ms: 0.084
  ...
# Subtest: extractResponseVerdict (PR \#429): issue \#421's accepted bare standalone '\# CLEAN' fixture still resolves to CLEAN, unaffected by either fix
ok 798 - extractResponseVerdict (PR \#429): issue \#421's accepted bare standalone '\# CLEAN' fixture still resolves to CLEAN, unaffected by either fix
  ---
  duration_ms: 0.0918
  ...
# Subtest: isCompletedStage2AuditReport: the literal canonical CLEAN skeleton (docs/stage2-audit-contract.md § 2) is accepted as a completed CLEAN report
ok 799 - isCompletedStage2AuditReport: the literal canonical CLEAN skeleton (docs/stage2-audit-contract.md § 2) is accepted as a completed CLEAN report
  ---
  duration_ms: 0.1568
  ...
# Subtest: isCompletedStage2AuditReport: the literal canonical NOT CLEAN skeleton (docs/stage2-audit-contract.md § 2) is accepted as a completed NOT CLEAN report
ok 800 - isCompletedStage2AuditReport: the literal canonical NOT CLEAN skeleton (docs/stage2-audit-contract.md § 2) is accepted as a completed NOT CLEAN report
  ---
  duration_ms: 0.1605
  ...
# Subtest: isCompletedStage2AuditReport: the canonical skeleton against the wrong merge commit fails closed (wrong-target invalid-response example, § 6.3)
ok 801 - isCompletedStage2AuditReport: the canonical skeleton against the wrong merge commit fails closed (wrong-target invalid-response example, § 6.3)
  ---
  duration_ms: 0.1428
  ...
# Subtest: isCompletedStage2AuditReport: a findings-only response with no merge commit, checklist, or verdict fails closed (invalid-response example § 6.1)
ok 802 - isCompletedStage2AuditReport: a findings-only response with no merge commit, checklist, or verdict fails closed (invalid-response example § 6.1)
  ---
  duration_ms: 0.14
  ...
# Subtest: isCompletedStage2AuditReport: a bare 'CLEAN' with no commit restatement or verification content fails closed (invalid-response example § 6.2)
ok 803 - isCompletedStage2AuditReport: a bare 'CLEAN' with no commit restatement or verification content fails closed (invalid-response example § 6.2)
  ---
  duration_ms: 0.0966
  ...
# Subtest: isCompletedStage2AuditReport: the canonical skeleton truncated to one of two requested checklist items fails closed as incomplete (§ 4)
ok 804 - isCompletedStage2AuditReport: the canonical skeleton truncated to one of two requested checklist items fails closed as incomplete (§ 4)
  ---
  duration_ms: 0.1701
  ...
# Subtest: extractResponseVerdict: two contradictory genuine verdict declarations in the same response fail closed to no verdict (invalid-response example § 6.4)
ok 805 - extractResponseVerdict: two contradictory genuine verdict declarations in the same response fail closed to no verdict (invalid-response example § 6.4)
  ---
  duration_ms: 0.0852
  ...
# Subtest: parseArgs: reads flags
ok 806 - parseArgs: reads flags
  ---
  duration_ms: 1.1733
  ...
# Subtest: headMarker: null when no head is given
ok 807 - headMarker: null when no head is given
  ---
  duration_ms: 0.1273
  ...
# Subtest: triggerCommentBody: plain trigger text when no head is given
ok 808 - triggerCommentBody: plain trigger text when no head is given
  ---
  duration_ms: 0.1817
  ...
# Subtest: triggerCommentBody: embeds the head marker when a head is given
ok 809 - triggerCommentBody: embeds the head marker when a head is given
  ---
  duration_ms: 0.2066
  ...
# Subtest: extractHeadFromTrigger: reads the head back out of a trigger comment body
ok 810 - extractHeadFromTrigger: reads the head back out of a trigger comment body
  ---
  duration_ms: 0.1689
  ...
# Subtest: extractHeadFromTrigger: null when the comment carries no head marker
ok 811 - extractHeadFromTrigger: null when the comment carries no head marker
  ---
  duration_ms: 0.1792
  ...
# Subtest: findTriggerRounds: collects every trigger comment tagged by its head, oldest first
ok 812 - findTriggerRounds: collects every trigger comment tagged by its head, oldest first
  ---
  duration_ms: 0.7903
  ...
# Subtest: findTriggerRounds: ignores a comment that merely mentions the trigger text without a head marker (Stage 1 review finding on this PR)
ok 813 - findTriggerRounds: ignores a comment that merely mentions the trigger text without a head marker (Stage 1 review finding on this PR)
  ---
  duration_ms: 0.151
  ...
# Subtest: attributeRound: attributes a response to the latest round at or before its timestamp
ok 814 - attributeRound: attributes a response to the latest round at or before its timestamp
  ---
  duration_ms: 0.226
  ...
# Subtest: attributeRound: null when the response predates every round
ok 815 - attributeRound: null when the response predates every round
  ---
  duration_ms: 0.2073
  ...
# Subtest: findPriorGenuineHead: finds an earlier head's genuine response (reproduces PR \#164's re-trigger loop)
ok 816 - findPriorGenuineHead: finds an earlier head's genuine response (reproduces PR \#164's re-trigger loop)
  ---
  duration_ms: 1.1213
  ...
# Subtest: findPriorGenuineHead: null when the only genuine response belongs to the current head
ok 817 - findPriorGenuineHead: null when the only genuine response belongs to the current head
  ---
  duration_ms: 0.4921
  ...
# Subtest: findPriorGenuineHead: null when the earlier head's response was BLOCKED, not genuine
ok 818 - findPriorGenuineHead: null when the earlier head's response was BLOCKED, not genuine
  ---
  duration_ms: 0.2815
  ...
# Subtest: findPriorGenuineHead: still attributes correctly when an intervening comment merely mentions the trigger text (Stage 1 review finding on this PR)
ok 819 - findPriorGenuineHead: still attributes correctly when an intervening comment merely mentions the trigger text (Stage 1 review finding on this PR)
  ---
  duration_ms: 0.2343
  ...
# Subtest: findPriorGenuineHead: checks otherItems (pull-comments/pull-reviews) too, not just the issue-comments thread
ok 820 - findPriorGenuineHead: checks otherItems (pull-comments/pull-reviews) too, not just the issue-comments thread
  ---
  duration_ms: 0.1736
  ...
# Subtest: findPriorGenuineHead: null when no trigger has been posted yet
ok 821 - findPriorGenuineHead: null when no trigger has been posted yet
  ---
  duration_ms: 0.1827
  ...
# Subtest: findExistingTrigger: matches a comment containing the trigger text
ok 822 - findExistingTrigger: matches a comment containing the trigger text
  ---
  duration_ms: 0.1858
  ...
# Subtest: findExistingTrigger: ignores comments that don't contain the trigger text
ok 823 - findExistingTrigger: ignores comments that don't contain the trigger text
  ---
  duration_ms: 0.216
  ...
# Subtest: findExistingTrigger: returns null for an empty thread
ok 824 - findExistingTrigger: returns null for an empty thread
  ---
  duration_ms: 0.5347
  ...
# Subtest: findExistingTrigger: returns the earliest match when more than one exists
ok 825 - findExistingTrigger: returns the earliest match when more than one exists
  ---
  duration_ms: 0.2043
  ...
# Subtest: findExistingTrigger: with a head, ignores a trigger comment scoped to a different (older) head
ok 826 - findExistingTrigger: with a head, ignores a trigger comment scoped to a different (older) head
  ---
  duration_ms: 0.1253
  ...
# Subtest: findExistingTrigger: with a head, matches a trigger comment scoped to that exact head
ok 827 - findExistingTrigger: with a head, matches a trigger comment scoped to that exact head
  ---
  duration_ms: 0.114
  ...
# Subtest: extractCommentId: parses the id from gh pr/issue comment's printed URL
ok 828 - extractCommentId: parses the id from gh pr/issue comment's printed URL
  ---
  duration_ms: 0.1524
  ...
# Subtest: extractCommentId: throws on unparseable output instead of silently returning garbage
ok 829 - extractCommentId: throws on unparseable output instead of silently returning garbage
  ---
  duration_ms: 0.3646
  ...
# Subtest: findCommentById: selects the comment matching the given id, not merely the earliest trigger match — reproduces the audit's forced-retry scenario (issue \#85)
ok 830 - findCommentById: selects the comment matching the given id, not merely the earliest trigger match — reproduces the audit's forced-retry scenario (issue \#85)
  ---
  duration_ms: 0.1457
  ...
# Subtest: findCommentById: returns null when no comment matches the id
ok 831 - findCommentById: returns null when no comment matches the id
  ---
  duration_ms: 0.0943
  ...
# Subtest: run: exits 1 when required args are missing
ok 832 - run: exits 1 when required args are missing
  ---
  duration_ms: 0.2881
  ...
# Subtest: run: exits 1 on an unknown --kind
ok 833 - run: exits 1 on an unknown --kind
  ---
  duration_ms: 0.1654
  ...
# Subtest: run: no prior trigger — posts exactly one and returns its timestamp
ok 834 - run: no prior trigger — posts exactly one and returns its timestamp
  ---
  duration_ms: 0.1986
  ...
# Subtest: run: a prior trigger already exists — skips posting and returns the existing timestamp
ok 835 - run: a prior trigger already exists — skips posting and returns the existing timestamp
  ---
  duration_ms: 0.1496
  ...
# Subtest: run: --kind pr (with --head) and --kind issue both check the issues/comments endpoint
ok 836 - run: --kind pr (with --head) and --kind issue both check the issues/comments endpoint
  ---
  duration_ms: 0.2596
  ...
# Subtest: run: --kind pr without --head is rejected instead of silently skipping the cross-head block (Stage 1 review finding on this PR)
ok 837 - run: --kind pr without --head is rejected instead of silently skipping the cross-head block (Stage 1 review finding on this PR)
  ---
  duration_ms: 0.1933
  ...
# Subtest: run: --kind pr without --head is rejected even with --force (the combination that would otherwise skip every check)
ok 838 - run: --kind pr without --head is rejected even with --force (the combination that would otherwise skip every check)
  ---
  duration_ms: 0.1765
  ...
# Subtest: run: with --head, a stale trigger from an older head does not block posting at the new head
ok 839 - run: with --head, a stale trigger from an older head does not block posting at the new head
  ---
  duration_ms: 0.2412
  ...
# Subtest: run: with --head, a trigger already posted at that same head is not duplicated
ok 840 - run: with --head, a trigger already posted at that same head is not duplicated
  ---
  duration_ms: 0.1572
  ...
# Subtest: run: with --head, refuses to post when an earlier head on this PR already received a genuine response (issue \#165)
ok 841 - run: with --head, refuses to post when an earlier head on this PR already received a genuine response (issue \#165)
  ---
  duration_ms: 0.2754
  ...
# Subtest: run: --ack-repeat-round is rejected outright (issue \#211), even when no cross-head block would otherwise apply
ok 842 - run: --ack-repeat-round is rejected outright (issue \#211), even when no cross-head block would otherwise apply
  ---
  duration_ms: 0.1352
  ...
# Subtest: run: reproduces YouTubery PR \#46 — an executor cannot self-authorize a second Stage 1 round with --ack-repeat-round after a mechanical rebuild changes the head
ok 843 - run: reproduces YouTubery PR \#46 — an executor cannot self-authorize a second Stage 1 round with --ack-repeat-round after a mechanical rebuild changes the head
  ---
  duration_ms: 0.2594
  ...
# Subtest: run: with --head, the cross-head block has no automated override — a repeat trigger stays blocked with no way for the executor to proceed
ok 844 - run: with --head, the cross-head block has no automated override — a repeat trigger stays blocked with no way for the executor to proceed
  ---
  duration_ms: 0.2541
  ...
# Subtest: run: --force true never bypasses the cross-head guard, even when it would bypass same-head dedup
ok 845 - run: --force true never bypasses the cross-head guard, even when it would bypass same-head dedup
  ---
  duration_ms: 0.2446
  ...
# Subtest: run: cross-head block does not apply to --kind issue (Stage 2 audits have no heads)
ok 846 - run: cross-head block does not apply to --kind issue (Stage 2 audits have no heads)
  ---
  duration_ms: 0.1555
  ...
# Subtest: run: --force true bypasses dedup and reposts when a trigger exists but drew no genuine response yet
ok 847 - run: --force true bypasses dedup and reposts when a trigger exists but drew no genuine response yet
  ---
  duration_ms: 0.2497
  ...
# Subtest: run: --force true on --kind issue refuses to repost once a genuine response already exists (issue \#259, reproduces the \#253/\#255 incident)
ok 848 - run: --force true on --kind issue refuses to repost once a genuine response already exists (issue \#259, reproduces the \#253/\#255 incident)
  ---
  duration_ms: 0.2173
  ...
# Subtest: run: --force true on --kind issue still posts when the prior response was BLOCKED, not genuine
ok 849 - run: --force true on --kind issue still posts when the prior response was BLOCKED, not genuine
  ---
  duration_ms: 0.2217
  ...
# Subtest: findEarliestIssueTrigger: returns the earliest trigger comment, ignoring head markers unlike Stage 1's findExistingTrigger
ok 850 - findEarliestIssueTrigger: returns the earliest trigger comment, ignoring head markers unlike Stage 1's findExistingTrigger
  ---
  duration_ms: 0.1258
  ...
# Subtest: findEarliestIssueTrigger: null when no comment contains the trigger text
ok 851 - findEarliestIssueTrigger: null when no comment contains the trigger text
  ---
  duration_ms: 0.0888
  ...
# Subtest: hasPriorGenuineIssueResponse: false when no trigger has been posted yet
ok 852 - hasPriorGenuineIssueResponse: false when no trigger has been posted yet
  ---
  duration_ms: 0.0854
  ...
# Subtest: hasPriorGenuineIssueResponse: true once a genuine reply lands after the trigger, regardless of its reply shape
ok 853 - hasPriorGenuineIssueResponse: true once a genuine reply lands after the trigger, regardless of its reply shape
  ---
  duration_ms: 0.1597
  ...
# Subtest: hasPriorGenuineIssueResponse: false when the only reply is BLOCKED
ok 854 - hasPriorGenuineIssueResponse: false when the only reply is BLOCKED
  ---
  duration_ms: 0.1467
  ...
# Subtest: run: surfaces a gh api read failure as exit 1 without attempting to post
ok 855 - run: surfaces a gh api read failure as exit 1 without attempting to post
  ---
  duration_ms: 0.3484
  ...
# Subtest: run: surfaces a gh post failure as exit 1
ok 856 - run: surfaces a gh post failure as exit 1
  ---
  duration_ms: 0.1974
  ...
# Subtest: run: exits 1 on an unexpected (non-array) response shape instead of guessing
ok 857 - run: exits 1 on an unexpected (non-array) response shape instead of guessing
  ---
  duration_ms: 0.1501
  ...
1..857
# tests 857
# suites 0
# pass 857
# fail 0
# cancelled 0
# skipped 0
# todo 0
# duration_ms 15852.4798
